loc_rowid,sy_name,hostname,sy_snum,sy_pnum,cb_flag,st_refname,st_spectype,st_teff,st_rad,st_mass,st_met,st_metratio,st_lum,sy_refname,sy_dist
109,2MASS J01033563-5515561,2MASS J01033563-5515561 A,2,1,1,<a refstr=DELORME_ET_AL__2013 href=https://ui.adsabs.harvard.edu/abs/2013A&A...553L...5D/abstract target=ref>Delorme et al. 2013</a>,M5.5/M6,,,0.19,,,,<a refstr=STASSUN_ET_AL__2019 href=https://ui.adsabs.harvard.edu/abs/2019AJ....158..138S/abstract target=ref>TICv8</a>,
110,2MASS J01033563-5515561,2MASS J01033563-5515561 B,2,1,1,<a refstr=DELORME_ET_AL__2013 href=https://ui.adsabs.harvard.edu/abs/2013A&A...553L...5D/abstract target=ref>Delorme et al. 2013</a>,,,,0.17,,,,,
117,2MASS J0249-0557,2MASS J0249-0557 B,2,1,1,<a refstr=DUPUY_ET_AL__2018 href=https://ui.adsabs.harvard.edu/abs/2018AJ....156...57D/abstract target=ref>Dupuy et al. 2018</a>,M6 V,,,0.04,,,0.0022908676527677724,,
118,2MASS J0249-0557,2MASS J0249-0557 A,2,1,1,<a refstr=DUPUY_ET_AL__2018 href=https://ui.adsabs.harvard.edu/abs/2018AJ....156...57D/abstract target=ref>Dupuy et al. 2018</a>,M6 V,,,0.05,,,0.0025703957827688645,<a refstr=STASSUN_ET_AL__2019 href=https://ui.adsabs.harvard.edu/abs/2019AJ....158..138S/abstract target=ref>TICv8</a>,66.0613
119,2MASS J0249-0557,2MASS J0249-0557 A,2,1,1,<a refstr=STASSUN_ET_AL__2019 href=https://ui.adsabs.harvard.edu/abs/2019AJ....158..138S/abstract target=ref>TICv8</a>,,2859.0,0.32,0.29,,,0.006011737374832779,<a refstr=STASSUN_ET_AL__2019 href=https://ui.adsabs.harvard.edu/abs/2019AJ....158..138S/abstract target=ref>TICv8</a>,66.0613
131,2MASS J19383260+4603591,2MASS J19383260+4603591 Ab,2,3,1,<a refstr=ESMER_ET_AL__2022 href=https://ui.adsabs.harvard.edu/abs/2022MNRAS.511.5207E/abstract target=ref>Esmer et al. 2022</a>,,2829.0,0.17,0.12,,,,,
132,2MASS J19383260+4603591,2MASS J19383260+4603591,2,3,1,<a refstr=GAIA_COLLABORATION_ET_AL__2018 href=https://ui.adsabs.harvard.edu/abs/2018A&A...616A...1G/abstract target=ref>Gaia DR2</a>,,8868.67,,,,,,<a refstr=STASSUN_ET_AL__2019 href=https://ui.adsabs.harvard.edu/abs/2019AJ....158..138S/abstract target=ref>TICv8</a>,396.332
133,2MASS J19383260+4603591,2MASS J19383260+4603591,2,3,1,<a refstr=BERGER_ET_AL__2018 href=https://ui.adsabs.harvard.edu/abs/2018ApJ...866...99B/abstract target=ref>Berger et al. 2018</a>,,10868.0,0.34,,,,,<a refstr=STASSUN_ET_AL__2019 href=https://ui.adsabs.harvard.edu/abs/2019AJ....158..138S/abstract target=ref>TICv8</a>,396.332
134,2MASS J19383260+4603591,2MASS J19383260+4603591,2,3,1,<a refstr=ESMER_ET_AL__2022 href=https://ui.adsabs.harvard.edu/abs/2022MNRAS.511.5207E/abstract target=ref>Esmer et al. 2022</a>,,29564.0,0.2,0.48,,,,<a refstr=STASSUN_ET_AL__2019 href=https://ui.adsabs.harvard.edu/abs/2019AJ....158..138S/abstract target=ref>TICv8</a>,396.332
135,2MASS J19383260+4603591,2MASS J19383260+4603591,2,3,1,<a refstr=LATHAM_ET_AL__2005 href=https://ui.adsabs.harvard.edu/abs/2005AAS...20711013L/abstract target=ref> Latham et al. 2005 </a>,,10645.0,2.88,,-0.092,[Fe/H],,<a refstr=STASSUN_ET_AL__2019 href=https://ui.adsabs.harvard.edu/abs/2019AJ....158..138S/abstract target=ref>TICv8</a>,396.332
136,2MASS J19383260+4603591,2MASS J19383260+4603591,2,3,1,<a refstr=BARAN_ET_AL__2015 href=https://ui.adsabs.harvard.edu/abs/2015A&A...577A.146B/abstract target=ref>Baran et al. 2015</a>,,,,0.48,,,,<a refstr=STASSUN_ET_AL__2019 href=https://ui.adsabs.harvard.edu/abs/2019AJ....158..138S/abstract target=ref>TICv8</a>,396.332
706,DE CVn,DE CVn,2,1,1,<a refstr=GAIA_COLLABORATION_ET_AL__2018 href=https://ui.adsabs.harvard.edu/abs/2018A&A...616A...1G/abstract target=ref>Gaia DR2</a>,,3585.67,,,,,,<a refstr=STASSUN_ET_AL__2019 href=https://ui.adsabs.harvard.edu/abs/2019AJ....158..138S/abstract target=ref>TICv8</a>,30.5225
707,DE CVn,DE CVn Ab,2,1,1,<a refstr=HAN_ET_AL__2018 href=https://ui.adsabs.harvard.edu/abs/2018arXiv181108625H/abstract target=ref>Han et al. 2018</a>,M3 V,3400.0,0.37,0.41,,,,<a refstr=STASSUN_ET_AL__2019 href=https://ui.adsabs.harvard.edu/abs/2019AJ....158..138S/abstract target=ref>TICv8</a>,
708,DE CVn,DE CVn,2,1,1,<a refstr=HAN_ET_AL__2018 href=https://ui.adsabs.harvard.edu/abs/2018arXiv181108625H/abstract target=ref>Han et al. 2018</a>,,,,0.51,,,,<a refstr=STASSUN_ET_AL__2019 href=https://ui.adsabs.harvard.edu/abs/2019AJ....158..138S/abstract target=ref>TICv8</a>,30.5225
709,DE CVn,DE CVn,2,1,1,<a refstr=STASSUN_ET_AL__2019 href=https://ui.adsabs.harvard.edu/abs/2019AJ....158..138S/abstract target=ref>TICv8</a>,,3579.0,0.42,0.42,,,0.026668586645214792,<a refstr=STASSUN_ET_AL__2019 href=https://ui.adsabs.harvard.edu/abs/2019AJ....158..138S/abstract target=ref>TICv8</a>,30.5225
735,DP Leo,DP Leo,2,1,1,<a refstr=BEUERMANN_ET_AL__2011 href=https://ui.adsabs.harvard.edu/abs/2011A&A...526A..53B/abstract target=ref> Beuermann et al. 2011 </a>,,,,0.69,,,,<a refstr=STASSUN_ET_AL__2019 href=https://ui.adsabs.harvard.edu/abs/2019AJ....158..138S/abstract target=ref>TICv8</a>,305.684
736,DP Leo,DP Leo Ab,2,1,1,,,,,,,,,,
737,DP Leo,DP Leo,2,1,1,<a refstr=SCHWOPE_ET_AL__2002 href=https://ui.adsabs.harvard.edu/abs/2002A&A...392..541S/abstract target=ref>Schwope et al. 2002</a>,,13500.0,0.01,,,,,<a refstr=STASSUN_ET_AL__2019 href=https://ui.adsabs.harvard.edu/abs/2019AJ....158..138S/abstract target=ref>TICv8</a>,305.684
4842,HD 202206,HD 202206,2,1,1,<a refstr=CORREIA_ET_AL__2005 href=https://ui.adsabs.harvard.edu/abs/2005A&A...440..751C/abstract target=ref> Correia et al. 2005 </a>,,,,,,,,<a refstr=STASSUN_ET_AL__2019 href=https://ui.adsabs.harvard.edu/abs/2019AJ....158..138S/abstract target=ref>TICv8</a>,45.9665
4843,HD 202206,HD 202206 B,2,1,1,<a refstr=BENEDICT__AMP__HARRISON_2017 href=https://ui.adsabs.harvard.edu/abs/2017AJ....153..258B/abstract target=ref>Benedict &amp; Harrison 2017</a>,M8,,,0.09,,,,<a refstr=STASSUN_ET_AL__2019 href=https://ui.adsabs.harvard.edu/abs/2019AJ....158..138S/abstract target=ref>TICv8</a>,
4844,HD 202206,HD 202206,2,1,1,<a refstr=GAIA_COLLABORATION_ET_AL__2018 href=https://ui.adsabs.harvard.edu/abs/2018A&A...616A...1G/abstract target=ref>Gaia DR2</a>,,5734.5,1.05,,,,1.0839269140212036,<a refstr=STASSUN_ET_AL__2019 href=https://ui.adsabs.harvard.edu/abs/2019AJ....158..138S/abstract target=ref>TICv8</a>,45.9665
4845,HD 202206,HD 202206,2,1,1,"<a refstr=MICHIGAN_CATALOG__VOL__4 href=https://ui.adsabs.harvard.edu/abs/1988MSS...C04....0H/abstract target=ref> Michigan Catalog, Vol. 4 </a>",G6 V,,,,,,,<a refstr=STASSUN_ET_AL__2019 href=https://ui.adsabs.harvard.edu/abs/2019AJ....158..138S/abstract target=ref>TICv8</a>,45.9665
4846,HD 202206,HD 202206,2,1,1,<a refstr=STASSUN_ET_AL__2019 href=https://ui.adsabs.harvard.edu/abs/2019AJ....158..138S/abstract target=ref>TICv8</a>,,5739.12,1.05,1.03,0.315,[M/H],1.0789467222298288,<a refstr=STASSUN_ET_AL__2019 href=https://ui.adsabs.harvard.edu/abs/2019AJ....158..138S/abstract target=ref>TICv8</a>,45.9665
4847,HD 202206,HD 202206,2,1,1,<a refstr=STASSUN_ET_AL__2017 href=https://ui.adsabs.harvard.edu/abs/2017AJ....153..136S/abstract target=ref>Stassun et al. 2017</a>,,5760.0,1.03,1.27,0.34,[Fe/H],,<a refstr=STASSUN_ET_AL__2019 href=https://ui.adsabs.harvard.edu/abs/2019AJ....158..138S/abstract target=ref>TICv8</a>,45.9665
4848,HD 202206,HD 202206,2,1,1,<a refstr=SOUSA_ET_AL__2008 href=https://ui.adsabs.harvard.edu/abs/2008A&A...487..373S/abstract target=ref>Sousa et al. 2008</a>,,5757.0,,1.04,0.29,[Fe/H],1.0543868963912588,<a refstr=STASSUN_ET_AL__2019 href=https://ui.adsabs.harvard.edu/abs/2019AJ....158..138S/abstract target=ref>TICv8</a>,45.9665
4849,HD 202206,HD 202206,2,1,1,<a refstr=CANNON___PICKERING_1918 href=https://ui.adsabs.harvard.edu/abs/1918AnHar..91....1C/abstract target=ref> Cannon & Pickering 1918</a>,G5,,,,,,,<a refstr=STASSUN_ET_AL__2019 href=https://ui.adsabs.harvard.edu/abs/2019AJ....158..138S/abstract target=ref>TICv8</a>,45.9665
4850,HD 202206,HD 202206,2,1,1,<a refstr=TAKEDA_ET_AL__2007 href=https://ui.adsabs.harvard.edu/abs/2007ApJS..168..297T/abstract target=ref> Takeda et al. 2007</a>,,,1.03,1.07,,,,<a refstr=STASSUN_ET_AL__2019 href=https://ui.adsabs.harvard.edu/abs/2019AJ....158..138S/abstract target=ref>TICv8</a>,45.9665
4851,HD 202206,HD 202206,2,1,1,<a refstr=SANTOS_ET_AL__2004 href=https://ui.adsabs.harvard.edu/abs/2004A&A...415.1153S/abstract target=ref> Santos et al. 2004 </a>,,5752.0,,1.06,0.35,[Fe/H],,<a refstr=STASSUN_ET_AL__2019 href=https://ui.adsabs.harvard.edu/abs/2019AJ....158..138S/abstract target=ref>TICv8</a>,45.9665
4852,HD 202206,HD 202206,2,1,1,<a refstr=UDRY_ET_AL__2002 href=https://ui.adsabs.harvard.edu/abs/2002A&A...390..267U/abstract target=ref> Udry et al. 2002 </a>,G6 V,5765.0,,1.15,0.37,[Fe/H],,<a refstr=STASSUN_ET_AL__2019 href=https://ui.adsabs.harvard.edu/abs/2019AJ....158..138S/abstract target=ref>TICv8</a>,45.9665
4853,HD 202206,HD 202206,2,1,1,<a refstr=GHEZZI_ET_AL__2010 href=https://ui.adsabs.harvard.edu/abs/2010ApJ...720.1290G/abstract target=ref>Ghezzi et al. 2010</a>,,5722.0,0.99,1.1,0.3,[Fe/H],0.9375620069258802,<a refstr=STASSUN_ET_AL__2019 href=https://ui.adsabs.harvard.edu/abs/2019AJ....158..138S/abstract target=ref>TICv8</a>,45.9665
4854,HD 202206,HD 202206,2,1,1,<a refstr=GOZDZIEWSKI_ET_AL__2006 href=https://ui.adsabs.harvard.edu/abs/2006ApJ...645..688G/abstract target=ref> Gozdziewski et al. 2006</a>,,,,1.15,,,,<a refstr=STASSUN_ET_AL__2019 href=https://ui.adsabs.harvard.edu/abs/2019AJ....158..138S/abstract target=ref>TICv8</a>,45.9665
4855,HD 202206,HD 202206,2,1,1,<a refstr=VALENTI___FISCHER_2005 href=https://ui.adsabs.harvard.edu/abs/2005ApJS..159..141V/abstract target=ref> Valenti & Fischer 2005 </a>,,,,,,,,<a refstr=STASSUN_ET_AL__2019 href=https://ui.adsabs.harvard.edu/abs/2019AJ....158..138S/abstract target=ref>TICv8</a>,45.9665
4856,HD 202206,HD 202206,2,1,1,<a refstr=MALDONADO_ET_AL__2015 href=https://ui.adsabs.harvard.edu/abs/2015A&A...579A..20M/abstract target=ref>Maldonado et al. 2015</a>,,5776.0,,,0.3,[Fe/H],,<a refstr=STASSUN_ET_AL__2019 href=https://ui.adsabs.harvard.edu/abs/2019AJ....158..138S/abstract target=ref>TICv8</a>,45.9665
4857,HD 202206,HD 202206,2,1,1,<a refstr=BENEDICT__AMP__HARRISON_2017 href=https://ui.adsabs.harvard.edu/abs/2017AJ....153..258B/abstract target=ref>Benedict &amp; Harrison 2017</a>,G6 V,5766.0,1.04,1.07,0.3,[Fe/H],,<a refstr=STASSUN_ET_AL__2019 href=https://ui.adsabs.harvard.edu/abs/2019AJ....158..138S/abstract target=ref>TICv8</a>,45.9665
5784,HD 284149,HD 284149 A,2,1,1,<a refstr=STASSUN_ET_AL__2019 href=https://ui.adsabs.harvard.edu/abs/2019AJ....158..138S/abstract target=ref>TICv8</a>,,6061.0,1.24,1.13,,,1.8620871366628675,<a refstr=STASSUN_ET_AL__2019 href=https://ui.adsabs.harvard.edu/abs/2019AJ....158..138S/abstract target=ref>TICv8</a>,117.807
5785,HD 284149,HD 284149 B,2,1,1,<a refstr=BONAVITA_ET_AL__2017 href=https://ui.adsabs.harvard.edu/abs/2017A&A...608A.106B/abstract target=ref>Bonavita et al. 2017</a>,M6 +/- 1,,,0.16,,,,,
5786,HD 284149,HD 284149 A,2,1,1,<a refstr=BONAVITA_ET_AL__2017 href=https://ui.adsabs.harvard.edu/abs/2017A&A...608A.106B/abstract target=ref>Bonavita et al. 2017</a>,,6035.0,1.36,,,,2.197859872784825,<a refstr=STASSUN_ET_AL__2019 href=https://ui.adsabs.harvard.edu/abs/2019AJ....158..138S/abstract target=ref>TICv8</a>,117.807
5787,HD 284149,HD 284149 B,2,1,1,<a refstr=HOCH_ET_AL__2023 href=https://ui.adsabs.harvard.edu/abs/2023AJ....166...85H/abstract target=ref>Hoch et al. 2023</a>,,,,0.16,,,,,
7852,HIP 79098,HIP 79098 AB,2,1,1,<a refstr=STASSUN_ET_AL__2019 href=https://ui.adsabs.harvard.edu/abs/2019AJ....158..138S/abstract target=ref>TICv8</a>,,12647.0,,,,,,<a refstr=STASSUN_ET_AL__2019 href=https://ui.adsabs.harvard.edu/abs/2019AJ....158..138S/abstract target=ref>TICv8</a>,145.798
7853,HIP 79098,HIP 79098 B,2,1,1,,,,,,,,,,
7854,HIP 79098,HIP 79098 AB,2,1,1,"<a refstr=MICHIGAN_CATALOG__VOL__4 href=https://ui.adsabs.harvard.edu/abs/1988MSS...C04....0H/abstract target=ref> Michigan Catalog, Vol. 4 </a>",B9 V,,,,,,,<a refstr=STASSUN_ET_AL__2019 href=https://ui.adsabs.harvard.edu/abs/2019AJ....158..138S/abstract target=ref>TICv8</a>,145.798
7855,HIP 79098,HIP 79098 AB,2,1,1,<a refstr=CANNON___PICKERING_1918 href=https://ui.adsabs.harvard.edu/abs/1918AnHar..91....1C/abstract target=ref> Cannon & Pickering 1918</a>,B9,,,,,,,<a refstr=STASSUN_ET_AL__2019 href=https://ui.adsabs.harvard.edu/abs/2019AJ....158..138S/abstract target=ref>TICv8</a>,145.798
7856,HIP 79098,HIP 79098 AB,2,1,1,<a refstr=JANSON_ET_AL__2019 href=https://ui.adsabs.harvard.edu/abs/2019A&A...626A..99J/abstract target=ref>Janson et al. 2019</a>,,,,3.75,,,,<a refstr=STASSUN_ET_AL__2019 href=https://ui.adsabs.harvard.edu/abs/2019AJ....158..138S/abstract target=ref>TICv8</a>,145.798
7857,HIP 79098,HIP 79098 AB,2,1,1,<a refstr=GAIA_COLLABORATION_ET_AL__2018 href=https://ui.adsabs.harvard.edu/abs/2018A&A...616A...1G/abstract target=ref>Gaia DR2</a>,,9193.75,,,,,,<a refstr=STASSUN_ET_AL__2019 href=https://ui.adsabs.harvard.edu/abs/2019AJ....158..138S/abstract target=ref>TICv8</a>,145.798
8039,HU Aqr,HU Aqr,2,2,1,<a refstr=QIAN_ET_AL__2011 href=https://ui.adsabs.harvard.edu/abs/2011MNRAS.414L..16Q/abstract target=ref> Qian et al. 2011 </a>,,,,0.88,,,,<a refstr=STASSUN_ET_AL__2019 href=https://ui.adsabs.harvard.edu/abs/2019AJ....158..138S/abstract target=ref>TICv8</a>,
8040,HU Aqr,HU Aqr,2,2,1,<a refstr=GAIA_COLLABORATION_ET_AL__2018 href=https://ui.adsabs.harvard.edu/abs/2018A&A...616A...1G/abstract target=ref>Gaia DR2</a>,,5952.0,,,,,,<a refstr=STASSUN_ET_AL__2019 href=https://ui.adsabs.harvard.edu/abs/2019AJ....158..138S/abstract target=ref>TICv8</a>,
8041,HU Aqr,HU Aqr B,2,2,1,,,,,,,,,,
20193,Kepler-16,Kepler-16,2,1,1,<a refstr=Q1_Q17_DR24_KOI_TABLE href=https://exoplanetarchive.ipac.caltech.edu/docs/Kepler_KOI_docs.html target=ref>Q1-Q17 DR24 KOI Table</a>,,4452.0,0.62,0.63,-0.3,[Fe/H],,<a refstr=STASSUN_ET_AL__2019 href=https://ui.adsabs.harvard.edu/abs/2019AJ....158..138S/abstract target=ref>TICv8</a>,75.0852
20194,Kepler-16,Kepler-16,2,1,1,<a refstr=DOYLE_ET_AL__2011 href=https://ui.adsabs.harvard.edu/abs/2011Sci...333.1602D/abstract target=ref> Doyle et al. 2011 </a>,,4450.0,0.65,0.69,-0.3,[M/H],,<a refstr=STASSUN_ET_AL__2019 href=https://ui.adsabs.harvard.edu/abs/2019AJ....158..138S/abstract target=ref>TICv8</a>,75.0852
20195,Kepler-16,Kepler-16 B,2,1,1,<a refstr=Q1_Q12_KOI_TABLE href=https://exoplanetarchive.ipac.caltech.edu/docs/Kepler_KOI_docs.html target=ref>Q1-Q12 KOI Table</a>,,4452.0,0.62,0.63,-0.3,[Fe/H],,,
20196,Kepler-16,Kepler-16 B,2,1,1,<a refstr=TRIAUD_ET_AL__2022 href=https://ui.adsabs.harvard.edu/abs/2022MNRAS.511.3561T/abstract target=ref>Triaud et al. 2022</a>,,,,0.2,,,,,
20197,Kepler-16,Kepler-16 B,2,1,1,<a refstr=Q1_Q16_KOI_TABLE href=https://exoplanetarchive.ipac.caltech.edu/docs/Kepler_KOI_docs.html target=ref>Q1-Q16 KOI Table</a>,,4452.0,0.62,0.63,-0.3,[Fe/H],,,
20198,Kepler-16,Kepler-16,2,1,1,<a refstr=BERGER_ET_AL__2018 href=https://ui.adsabs.harvard.edu/abs/2018ApJ...866...99B/abstract target=ref>Berger et al. 2018</a>,,4450.0,0.64,,,,,<a refstr=STASSUN_ET_AL__2019 href=https://ui.adsabs.harvard.edu/abs/2019AJ....158..138S/abstract target=ref>TICv8</a>,75.0852
20199,Kepler-16,Kepler-16,2,1,1,<a refstr=Q1_Q17_DR25_KOI_TABLE href=https://exoplanetarchive.ipac.caltech.edu/docs/Kepler_KOI_docs.html target=ref>Q1-Q17 DR25 KOI Table</a>,,4451.0,0.62,0.63,-0.3,[Fe/H],,<a refstr=STASSUN_ET_AL__2019 href=https://ui.adsabs.harvard.edu/abs/2019AJ....158..138S/abstract target=ref>TICv8</a>,75.0852
20200,Kepler-16,Kepler-16 B,2,1,1,<a refstr=Q1_Q17_DR25_SUPPLEMENTAL_KOI_TABLE href=https://exoplanetarchive.ipac.caltech.edu/docs/Kepler_KOI_docs.html target=ref>Q1-Q17 DR25 Supplemental KOI Table</a>,,,,,,,,,
20201,Kepler-16,Kepler-16,2,1,1,<a refstr=Q1_Q17_DR25_SUPPLEMENTAL_KOI_TABLE href=https://exoplanetarchive.ipac.caltech.edu/docs/Kepler_KOI_docs.html target=ref>Q1-Q17 DR25 Supplemental KOI Table</a>,,,,,,,,<a refstr=STASSUN_ET_AL__2019 href=https://ui.adsabs.harvard.edu/abs/2019AJ....158..138S/abstract target=ref>TICv8</a>,75.0852
20202,Kepler-16,Kepler-16,2,1,1,<a refstr=GAIA_COLLABORATION_ET_AL__2018 href=https://ui.adsabs.harvard.edu/abs/2018A&A...616A...1G/abstract target=ref>Gaia DR2</a>,,4196.5,0.67,,,,0.125025903021772,<a refstr=STASSUN_ET_AL__2019 href=https://ui.adsabs.harvard.edu/abs/2019AJ....158..138S/abstract target=ref>TICv8</a>,75.0852
20203,Kepler-16,Kepler-16,2,1,1,<a refstr=Q1_Q8_KOI_TABLE href=https://exoplanetarchive.ipac.caltech.edu/docs/Kepler_KOI_docs.html target=ref>Q1-Q8 KOI Table</a>,,4576.0,0.62,0.69,,,,<a refstr=STASSUN_ET_AL__2019 href=https://ui.adsabs.harvard.edu/abs/2019AJ....158..138S/abstract target=ref>TICv8</a>,75.0852
20204,Kepler-16,Kepler-16,2,1,1,<a refstr=TRIAUD_ET_AL__2022 href=https://ui.adsabs.harvard.edu/abs/2022MNRAS.511.3561T/abstract target=ref>Triaud et al. 2022</a>,,,,0.66,,,,<a refstr=STASSUN_ET_AL__2019 href=https://ui.adsabs.harvard.edu/abs/2019AJ....158..138S/abstract target=ref>TICv8</a>,75.0852
20205,Kepler-16,Kepler-16,2,1,1,<a refstr=Q1_Q12_KOI_TABLE href=https://exoplanetarchive.ipac.caltech.edu/docs/Kepler_KOI_docs.html target=ref>Q1-Q12 KOI Table</a>,,4452.0,0.62,0.63,-0.3,[Fe/H],,<a refstr=STASSUN_ET_AL__2019 href=https://ui.adsabs.harvard.edu/abs/2019AJ....158..138S/abstract target=ref>TICv8</a>,75.0852
20206,Kepler-16,Kepler-16,2,1,1,<a refstr=Q1_Q16_KOI_TABLE href=https://exoplanetarchive.ipac.caltech.edu/docs/Kepler_KOI_docs.html target=ref>Q1-Q16 KOI Table</a>,,4452.0,0.62,0.63,-0.3,[Fe/H],,<a refstr=STASSUN_ET_AL__2019 href=https://ui.adsabs.harvard.edu/abs/2019AJ....158..138S/abstract target=ref>TICv8</a>,75.0852
20207,Kepler-16,Kepler-16,2,1,1,<a refstr=STASSUN_ET_AL__2019 href=https://ui.adsabs.harvard.edu/abs/2019AJ....158..138S/abstract target=ref>TICv8</a>,,4018.2,0.77,0.63,-0.124,[M/H],0.13867558288718884,<a refstr=STASSUN_ET_AL__2019 href=https://ui.adsabs.harvard.edu/abs/2019AJ....158..138S/abstract target=ref>TICv8</a>,75.0852
20208,Kepler-16,Kepler-16 B,2,1,1,<a refstr=Q1_Q17_DR25_KOI_TABLE href=https://exoplanetarchive.ipac.caltech.edu/docs/Kepler_KOI_docs.html target=ref>Q1-Q17 DR25 KOI Table</a>,,4451.0,0.62,0.63,-0.3,[Fe/H],,,
20209,Kepler-16,Kepler-16 B,2,1,1,<a refstr=Q1_Q8_KOI_TABLE href=https://exoplanetarchive.ipac.caltech.edu/docs/Kepler_KOI_docs.html target=ref>Q1-Q8 KOI Table</a>,,4576.0,0.62,0.69,,,,,
20210,Kepler-16,Kepler-16,2,1,1,<a refstr=LATHAM_ET_AL__2005 href=https://ui.adsabs.harvard.edu/abs/2005AAS...20711013L/abstract target=ref> Latham et al. 2005 </a>,,4051.0,0.74,,-0.2,[Fe/H],,<a refstr=STASSUN_ET_AL__2019 href=https://ui.adsabs.harvard.edu/abs/2019AJ....158..138S/abstract target=ref>TICv8</a>,75.0852
20211,Kepler-16,Kepler-16 B,2,1,1,<a refstr=Q1_Q17_DR24_KOI_TABLE href=https://exoplanetarchive.ipac.caltech.edu/docs/Kepler_KOI_docs.html target=ref>Q1-Q17 DR24 KOI Table</a>,,4452.0,0.62,0.63,-0.3,[Fe/H],,,
20811,Kepler-1647,Kepler-1647 B,2,1,1,<a refstr=Q1_Q17_DR24_KOI_TABLE href=https://exoplanetarchive.ipac.caltech.edu/docs/Kepler_KOI_docs.html target=ref>Q1-Q17 DR24 KOI Table</a>,,6217.0,1.46,0.88,-0.78,[Fe/H],,,
20812,Kepler-1647,Kepler-1647 B,2,1,1,<a refstr=Q1_Q17_DR25_KOI_TABLE href=https://exoplanetarchive.ipac.caltech.edu/docs/Kepler_KOI_docs.html target=ref>Q1-Q17 DR25 KOI Table</a>,,6217.0,1.46,0.88,-0.78,[Fe/H],,,
20813,Kepler-1647,Kepler-1647,2,1,1,<a refstr=Q1_Q17_DR24_KOI_TABLE href=https://exoplanetarchive.ipac.caltech.edu/docs/Kepler_KOI_docs.html target=ref>Q1-Q17 DR24 KOI Table</a>,,6217.0,1.46,0.88,-0.78,[Fe/H],,<a refstr=STASSUN_ET_AL__2019 href=https://ui.adsabs.harvard.edu/abs/2019AJ....158..138S/abstract target=ref>TICv8</a>,1212.45
20814,Kepler-1647,Kepler-1647 B,2,1,1,<a refstr=Q1_Q17_DR25_SUPPLEMENTAL_KOI_TABLE href=https://exoplanetarchive.ipac.caltech.edu/docs/Kepler_KOI_docs.html target=ref>Q1-Q17 DR25 Supplemental KOI Table</a>,,,,,,,,,
20815,Kepler-1647,Kepler-1647,2,1,1,<a refstr=Q1_Q17_DR25_SUPPLEMENTAL_KOI_TABLE href=https://exoplanetarchive.ipac.caltech.edu/docs/Kepler_KOI_docs.html target=ref>Q1-Q17 DR25 Supplemental KOI Table</a>,,,,,,,,<a refstr=STASSUN_ET_AL__2019 href=https://ui.adsabs.harvard.edu/abs/2019AJ....158..138S/abstract target=ref>TICv8</a>,1212.45
20816,Kepler-1647,Kepler-1647,2,1,1,<a refstr=Q1_Q17_DR25_KOI_TABLE href=https://exoplanetarchive.ipac.caltech.edu/docs/Kepler_KOI_docs.html target=ref>Q1-Q17 DR25 KOI Table</a>,,6217.0,1.46,0.88,-0.78,[Fe/H],,<a refstr=STASSUN_ET_AL__2019 href=https://ui.adsabs.harvard.edu/abs/2019AJ....158..138S/abstract target=ref>TICv8</a>,1212.45
20817,Kepler-1647,Kepler-1647,2,1,1,<a refstr=BERGER_ET_AL__2018 href=https://ui.adsabs.harvard.edu/abs/2018ApJ...866...99B/abstract target=ref>Berger et al. 2018</a>,,6215.0,2.19,,,,,<a refstr=STASSUN_ET_AL__2019 href=https://ui.adsabs.harvard.edu/abs/2019AJ....158..138S/abstract target=ref>TICv8</a>,1212.45
20818,Kepler-1647,Kepler-1647,2,1,1,<a refstr=GAIA_COLLABORATION_ET_AL__2018 href=https://ui.adsabs.harvard.edu/abs/2018A&A...616A...1G/abstract target=ref>Gaia DR2</a>,,5589.33,2.24,,,,4.405548635065533,<a refstr=STASSUN_ET_AL__2019 href=https://ui.adsabs.harvard.edu/abs/2019AJ....158..138S/abstract target=ref>TICv8</a>,1212.45
20819,Kepler-1647,Kepler-1647,2,1,1,<a refstr=KOSTOV_ET_AL__2016 href=https://ui.adsabs.harvard.edu/abs/2016ApJ...827...86K/abstract target=ref>Kostov et al. 2016</a>,,6210.0,1.79,1.22,-0.14,[Fe/H],,<a refstr=STASSUN_ET_AL__2019 href=https://ui.adsabs.harvard.edu/abs/2019AJ....158..138S/abstract target=ref>TICv8</a>,1212.45
20820,Kepler-1647,Kepler-1647,2,1,1,<a refstr=LATHAM_ET_AL__2005 href=https://ui.adsabs.harvard.edu/abs/2005AAS...20711013L/abstract target=ref> Latham et al. 2005 </a>,,5932.0,1.73,,-0.786,[Fe/H],,<a refstr=STASSUN_ET_AL__2019 href=https://ui.adsabs.harvard.edu/abs/2019AJ....158..138S/abstract target=ref>TICv8</a>,1212.45
20821,Kepler-1647,Kepler-1647,2,1,1,<a refstr=STASSUN_ET_AL__2019 href=https://ui.adsabs.harvard.edu/abs/2019AJ....158..138S/abstract target=ref>TICv8</a>,,6140.8,2.19,1.16,-0.134,[M/H],6.123503917247735,<a refstr=STASSUN_ET_AL__2019 href=https://ui.adsabs.harvard.edu/abs/2019AJ....158..138S/abstract target=ref>TICv8</a>,1212.45
20977,Kepler-1660,Kepler-1660 A,2,1,1,<a refstr=STASSUN_ET_AL__2019 href=https://ui.adsabs.harvard.edu/abs/2019AJ....158..138S/abstract target=ref>TICv8</a>,,6305.24,1.88,1.24,-0.36,[M/H],5.035006087879047,<a refstr=STASSUN_ET_AL__2019 href=https://ui.adsabs.harvard.edu/abs/2019AJ....158..138S/abstract target=ref>TICv8</a>,1188.54
20978,Kepler-1660,Kepler-1660 A,2,1,1,<a refstr=GOLDBERG_ET_AL__2023 href=https://ui.adsabs.harvard.edu/abs/2023MNRAS.525.4628G/abstract target=ref>Goldberg et al. 2023</a>,,,1.49,1.14,,,,<a refstr=STASSUN_ET_AL__2019 href=https://ui.adsabs.harvard.edu/abs/2019AJ....158..138S/abstract target=ref>TICv8</a>,1188.54
20979,Kepler-1660,Kepler-1660 A,2,1,1,<a refstr=LATHAM_ET_AL__2005 href=https://ui.adsabs.harvard.edu/abs/2005AAS...20711013L/abstract target=ref> Latham et al. 2005 </a>,,6227.0,1.22,,-0.382,[Fe/H],,<a refstr=STASSUN_ET_AL__2019 href=https://ui.adsabs.harvard.edu/abs/2019AJ....158..138S/abstract target=ref>TICv8</a>,1188.54
20980,Kepler-1660,Kepler-1660 B,2,1,1,<a refstr=GETLEY_ET_AL__2017 href=https://ui.adsabs.harvard.edu/abs/2017MNRAS.468.2932G/abstract target=ref>Getley et al. 2017</a>,M,,,0.51,,,,,
20981,Kepler-1660,Kepler-1660 A,2,1,1,<a refstr=GETLEY_ET_AL__2017 href=https://ui.adsabs.harvard.edu/abs/2017MNRAS.468.2932G/abstract target=ref>Getley et al. 2017</a>,F7 V,,,1.21,,,,<a refstr=STASSUN_ET_AL__2019 href=https://ui.adsabs.harvard.edu/abs/2019AJ....158..138S/abstract target=ref>TICv8</a>,1188.54
20982,Kepler-1660,Kepler-1660 B,2,1,1,<a refstr=GOLDBERG_ET_AL__2023 href=https://ui.adsabs.harvard.edu/abs/2023MNRAS.525.4628G/abstract target=ref>Goldberg et al. 2023</a>,,,1.3,1.08,,,,,
20983,Kepler-1660,Kepler-1660 A,2,1,1,<a refstr=Q1_Q17_DR24_KOI_TABLE href=https://exoplanetarchive.ipac.caltech.edu/docs/Kepler_KOI_docs.html target=ref>Q1-Q17 DR24 KOI Table</a>,,6492.0,1.17,1.04,-0.38,[Fe/H],,<a refstr=STASSUN_ET_AL__2019 href=https://ui.adsabs.harvard.edu/abs/2019AJ....158..138S/abstract target=ref>TICv8</a>,1188.54
20984,Kepler-1660,Kepler-1660 A,2,1,1,<a refstr=Q1_Q17_DR25_SUPPLEMENTAL_KOI_TABLE href=https://exoplanetarchive.ipac.caltech.edu/docs/Kepler_KOI_docs.html target=ref>Q1-Q17 DR25 Supplemental KOI Table</a>,,,,,,,,<a refstr=STASSUN_ET_AL__2019 href=https://ui.adsabs.harvard.edu/abs/2019AJ....158..138S/abstract target=ref>TICv8</a>,1188.54
20985,Kepler-1660,Kepler-1660 B,2,1,1,<a refstr=Q1_Q17_DR25_SUPPLEMENTAL_KOI_TABLE href=https://exoplanetarchive.ipac.caltech.edu/docs/Kepler_KOI_docs.html target=ref>Q1-Q17 DR25 Supplemental KOI Table</a>,,,,,,,,,
20986,Kepler-1660,Kepler-1660 A,2,1,1,<a refstr=GAIA_COLLABORATION_ET_AL__2018 href=https://ui.adsabs.harvard.edu/abs/2018A&A...616A...1G/abstract target=ref>Gaia DR2</a>,,6298.5,1.81,,,,4.65586093522959,<a refstr=STASSUN_ET_AL__2019 href=https://ui.adsabs.harvard.edu/abs/2019AJ....158..138S/abstract target=ref>TICv8</a>,1188.54
20987,Kepler-1660,Kepler-1660 A,2,1,1,<a refstr=Q1_Q17_DR25_KOI_TABLE href=https://exoplanetarchive.ipac.caltech.edu/docs/Kepler_KOI_docs.html target=ref>Q1-Q17 DR25 KOI Table</a>,,6492.0,1.17,1.04,-0.38,[Fe/H],,<a refstr=STASSUN_ET_AL__2019 href=https://ui.adsabs.harvard.edu/abs/2019AJ....158..138S/abstract target=ref>TICv8</a>,1188.54
20988,Kepler-1660,Kepler-1660 B,2,1,1,<a refstr=Q1_Q17_DR24_KOI_TABLE href=https://exoplanetarchive.ipac.caltech.edu/docs/Kepler_KOI_docs.html target=ref>Q1-Q17 DR24 KOI Table</a>,,6492.0,1.17,1.04,-0.38,[Fe/H],,,
20989,Kepler-1660,Kepler-1660 B,2,1,1,<a refstr=Q1_Q17_DR25_KOI_TABLE href=https://exoplanetarchive.ipac.caltech.edu/docs/Kepler_KOI_docs.html target=ref>Q1-Q17 DR25 KOI Table</a>,,6492.0,1.17,1.04,-0.38,[Fe/H],,,
20990,Kepler-1661,Kepler-1661,2,1,1,<a refstr=LATHAM_ET_AL__2005 href=https://ui.adsabs.harvard.edu/abs/2005AAS...20711013L/abstract target=ref> Latham et al. 2005 </a>,,4788.0,0.91,,-0.098,[Fe/H],,<a refstr=STASSUN_ET_AL__2019 href=https://ui.adsabs.harvard.edu/abs/2019AJ....158..138S/abstract target=ref>TICv8</a>,410.607
20991,Kepler-1661,Kepler-1661,2,1,1,<a refstr=Q1_Q17_DR25_SUPPLEMENTAL_KOI_TABLE href=https://exoplanetarchive.ipac.caltech.edu/docs/Kepler_KOI_docs.html target=ref>Q1-Q17 DR25 Supplemental KOI Table</a>,,,,,,,,<a refstr=STASSUN_ET_AL__2019 href=https://ui.adsabs.harvard.edu/abs/2019AJ....158..138S/abstract target=ref>TICv8</a>,410.607
20992,Kepler-1661,Kepler-1661,2,1,1,<a refstr=Q1_Q17_DR25_KOI_TABLE href=https://exoplanetarchive.ipac.caltech.edu/docs/Kepler_KOI_docs.html target=ref>Q1-Q17 DR25 KOI Table</a>,,4936.0,0.76,0.73,-0.08,[Fe/H],,<a refstr=STASSUN_ET_AL__2019 href=https://ui.adsabs.harvard.edu/abs/2019AJ....158..138S/abstract target=ref>TICv8</a>,410.607
20993,Kepler-1661,Kepler-1661 Ab,2,1,1,<a refstr=Q1_Q17_DR25_SUPPLEMENTAL_KOI_TABLE href=https://exoplanetarchive.ipac.caltech.edu/docs/Kepler_KOI_docs.html target=ref>Q1-Q17 DR25 Supplemental KOI Table</a>,,,,,,,,,
20994,Kepler-1661,Kepler-1661,2,1,1,<a refstr=GAIA_COLLABORATION_ET_AL__2018 href=https://ui.adsabs.harvard.edu/abs/2018A&A...616A...1G/abstract target=ref>Gaia DR2</a>,,4879.82,0.78,,,,0.30690219883911574,<a refstr=STASSUN_ET_AL__2019 href=https://ui.adsabs.harvard.edu/abs/2019AJ....158..138S/abstract target=ref>TICv8</a>,410.607
20995,Kepler-1661,Kepler-1661 Ab,2,1,1,<a refstr=SOCIA_ET_AL__2020 href=https://ui.adsabs.harvard.edu/abs/2020AJ....159...94S/abstract target=ref>Socia et al. 2020</a>,M,3585.0,0.28,0.26,,,,,
20996,Kepler-1661,Kepler-1661 Ab,2,1,1,<a refstr=Q1_Q17_DR24_KOI_TABLE href=https://exoplanetarchive.ipac.caltech.edu/docs/Kepler_KOI_docs.html target=ref>Q1-Q17 DR24 KOI Table</a>,,4936.0,0.76,0.73,-0.08,[Fe/H],,,
20997,Kepler-1661,Kepler-1661,2,1,1,<a refstr=STASSUN_ET_AL__2019 href=https://ui.adsabs.harvard.edu/abs/2019AJ....158..138S/abstract target=ref>TICv8</a>,,5070.9,0.73,0.85,-0.319,[M/H],0.31768740706497706,<a refstr=STASSUN_ET_AL__2019 href=https://ui.adsabs.harvard.edu/abs/2019AJ....158..138S/abstract target=ref>TICv8</a>,410.607
20998,Kepler-1661,Kepler-1661 Ab,2,1,1,<a refstr=Q1_Q17_DR25_KOI_TABLE href=https://exoplanetarchive.ipac.caltech.edu/docs/Kepler_KOI_docs.html target=ref>Q1-Q17 DR25 KOI Table</a>,,4936.0,0.76,0.73,-0.08,[Fe/H],,,
20999,Kepler-1661,Kepler-1661,2,1,1,<a refstr=SOCIA_ET_AL__2020 href=https://ui.adsabs.harvard.edu/abs/2020AJ....159...94S/abstract target=ref>Socia et al. 2020</a>,K,5100.0,0.76,0.84,-0.12,[M/H],,<a refstr=STASSUN_ET_AL__2019 href=https://ui.adsabs.harvard.edu/abs/2019AJ....158..138S/abstract target=ref>TICv8</a>,410.607
21000,Kepler-1661,Kepler-1661,2,1,1,<a refstr=Q1_Q17_DR24_KOI_TABLE href=https://exoplanetarchive.ipac.caltech.edu/docs/Kepler_KOI_docs.html target=ref>Q1-Q17 DR24 KOI Table</a>,,4936.0,0.76,0.73,-0.08,[Fe/H],,<a refstr=STASSUN_ET_AL__2019 href=https://ui.adsabs.harvard.edu/abs/2019AJ....158..138S/abstract target=ref>TICv8</a>,410.607
29422,Kepler-34,Kepler-34,2,1,1,<a refstr=LATHAM_ET_AL__2005 href=https://ui.adsabs.harvard.edu/abs/2005AAS...20711013L/abstract target=ref> Latham et al. 2005 </a>,,5706.0,1.03,,-0.263,[Fe/H],,<a refstr=STASSUN_ET_AL__2019 href=https://ui.adsabs.harvard.edu/abs/2019AJ....158..138S/abstract target=ref>TICv8</a>,1800.82
29423,Kepler-34,Kepler-34,2,1,1,<a refstr=Q1_Q17_DR24_KOI_TABLE href=https://exoplanetarchive.ipac.caltech.edu/docs/Kepler_KOI_docs.html target=ref>Q1-Q17 DR24 KOI Table</a>,,5915.0,1.13,0.99,-0.06,[Fe/H],,<a refstr=STASSUN_ET_AL__2019 href=https://ui.adsabs.harvard.edu/abs/2019AJ....158..138S/abstract target=ref>TICv8</a>,1800.82
29424,Kepler-34,Kepler-34,2,1,1,<a refstr=Q1_Q17_DR25_SUPPLEMENTAL_KOI_TABLE href=https://exoplanetarchive.ipac.caltech.edu/docs/Kepler_KOI_docs.html target=ref>Q1-Q17 DR25 Supplemental KOI Table</a>,,,,,,,,<a refstr=STASSUN_ET_AL__2019 href=https://ui.adsabs.harvard.edu/abs/2019AJ....158..138S/abstract target=ref>TICv8</a>,1800.82
29425,Kepler-34,Kepler-34 B,2,1,1,<a refstr=Q1_Q17_DR25_KOI_TABLE href=https://exoplanetarchive.ipac.caltech.edu/docs/Kepler_KOI_docs.html target=ref>Q1-Q17 DR25 KOI Table</a>,,5915.0,1.13,0.99,-0.06,[Fe/H],,,
29426,Kepler-34,Kepler-34,2,1,1,<a refstr=WELSH_ET_AL__2012 href=https://ui.adsabs.harvard.edu/abs/2012Natur.481..475W/abstract target=ref> Welsh et al. 2012 </a>,,5913.0,1.16,1.05,-0.07,[M/H],1.4893610777109152,<a refstr=STASSUN_ET_AL__2019 href=https://ui.adsabs.harvard.edu/abs/2019AJ....158..138S/abstract target=ref>TICv8</a>,1800.82
29427,Kepler-34,Kepler-34,2,1,1,<a refstr=BERGER_ET_AL__2018 href=https://ui.adsabs.harvard.edu/abs/2018ApJ...866...99B/abstract target=ref>Berger et al. 2018</a>,,5913.0,1.87,,,,,<a refstr=STASSUN_ET_AL__2019 href=https://ui.adsabs.harvard.edu/abs/2019AJ....158..138S/abstract target=ref>TICv8</a>,1800.82
29428,Kepler-34,Kepler-34,2,1,1,<a refstr=Q1_Q17_DR25_KOI_TABLE href=https://exoplanetarchive.ipac.caltech.edu/docs/Kepler_KOI_docs.html target=ref>Q1-Q17 DR25 KOI Table</a>,,5915.0,1.13,0.99,-0.06,[Fe/H],,<a refstr=STASSUN_ET_AL__2019 href=https://ui.adsabs.harvard.edu/abs/2019AJ....158..138S/abstract target=ref>TICv8</a>,1800.82
29429,Kepler-34,Kepler-34 B,2,1,1,<a refstr=Q1_Q17_DR25_SUPPLEMENTAL_KOI_TABLE href=https://exoplanetarchive.ipac.caltech.edu/docs/Kepler_KOI_docs.html target=ref>Q1-Q17 DR25 Supplemental KOI Table</a>,,,,,,,,,
29430,Kepler-34,Kepler-34,2,1,1,<a refstr=STASSUN_ET_AL__2019 href=https://ui.adsabs.harvard.edu/abs/2019AJ....158..138S/abstract target=ref>TICv8</a>,,5897.0,1.87,1.07,,,3.793149849736819,<a refstr=STASSUN_ET_AL__2019 href=https://ui.adsabs.harvard.edu/abs/2019AJ....158..138S/abstract target=ref>TICv8</a>,1800.82
29431,Kepler-34,Kepler-34 B,2,1,1,<a refstr=Q1_Q17_DR24_KOI_TABLE href=https://exoplanetarchive.ipac.caltech.edu/docs/Kepler_KOI_docs.html target=ref>Q1-Q17 DR24 KOI Table</a>,,5915.0,1.13,0.99,-0.06,[Fe/H],,,
29432,Kepler-34,Kepler-34,2,1,1,<a refstr=GAIA_COLLABORATION_ET_AL__2018 href=https://ui.adsabs.harvard.edu/abs/2018A&A...616A...1G/abstract target=ref>Gaia DR2</a>,,5522.67,1.95,,,,3.198895109691398,<a refstr=STASSUN_ET_AL__2019 href=https://ui.adsabs.harvard.edu/abs/2019AJ....158..138S/abstract target=ref>TICv8</a>,1800.82
29666,Kepler-35,Kepler-35,2,1,1,<a refstr=GAIA_COLLABORATION_ET_AL__2018 href=https://ui.adsabs.harvard.edu/abs/2018A&A...616A...1G/abstract target=ref>Gaia DR2</a>,,5346.67,1.4,,,,1.4487718535447616,<a refstr=STASSUN_ET_AL__2019 href=https://ui.adsabs.harvard.edu/abs/2019AJ....158..138S/abstract target=ref>TICv8</a>,1819.17
29667,Kepler-35,Kepler-35,2,1,1,<a refstr=WELSH_ET_AL__2012 href=https://ui.adsabs.harvard.edu/abs/2012Natur.481..475W/abstract target=ref> Welsh et al. 2012 </a>,,5606.0,1.03,0.89,-0.34,[M/H],0.9397233105646379,<a refstr=STASSUN_ET_AL__2019 href=https://ui.adsabs.harvard.edu/abs/2019AJ....158..138S/abstract target=ref>TICv8</a>,1819.17
29668,Kepler-35,Kepler-35,2,1,1,<a refstr=Q1_Q17_DR25_SUPPLEMENTAL_KOI_TABLE href=https://exoplanetarchive.ipac.caltech.edu/docs/Kepler_KOI_docs.html target=ref>Q1-Q17 DR25 Supplemental KOI Table</a>,,,,,,,,<a refstr=STASSUN_ET_AL__2019 href=https://ui.adsabs.harvard.edu/abs/2019AJ....158..138S/abstract target=ref>TICv8</a>,1819.17
29669,Kepler-35,Kepler-35,2,1,1,<a refstr=STASSUN_ET_AL__2019 href=https://ui.adsabs.harvard.edu/abs/2019AJ....158..138S/abstract target=ref>TICv8</a>,,5527.0,1.36,0.97,,,1.5488166189124815,<a refstr=STASSUN_ET_AL__2019 href=https://ui.adsabs.harvard.edu/abs/2019AJ....158..138S/abstract target=ref>TICv8</a>,1819.17
29670,Kepler-35,Kepler-35,2,1,1,<a refstr=LATHAM_ET_AL__2005 href=https://ui.adsabs.harvard.edu/abs/2005AAS...20711013L/abstract target=ref> Latham et al. 2005 </a>,,5359.0,0.67,,-0.603,[Fe/H],,<a refstr=STASSUN_ET_AL__2019 href=https://ui.adsabs.harvard.edu/abs/2019AJ....158..138S/abstract target=ref>TICv8</a>,1819.17
29671,Kepler-35,Kepler-35,2,1,1,<a refstr=Q1_Q17_DR25_KOI_TABLE href=https://exoplanetarchive.ipac.caltech.edu/docs/Kepler_KOI_docs.html target=ref>Q1-Q17 DR25 KOI Table</a>,,5620.0,0.97,0.8,-0.32,[Fe/H],,<a refstr=STASSUN_ET_AL__2019 href=https://ui.adsabs.harvard.edu/abs/2019AJ....158..138S/abstract target=ref>TICv8</a>,1819.17
29672,Kepler-35,Kepler-35 B,2,1,1,<a refstr=Q1_Q17_DR25_KOI_TABLE href=https://exoplanetarchive.ipac.caltech.edu/docs/Kepler_KOI_docs.html target=ref>Q1-Q17 DR25 KOI Table</a>,,5620.0,0.97,0.8,-0.32,[Fe/H],,,
29673,Kepler-35,Kepler-35,2,1,1,<a refstr=BERGER_ET_AL__2018 href=https://ui.adsabs.harvard.edu/abs/2018ApJ...866...99B/abstract target=ref>Berger et al. 2018</a>,,5606.0,1.45,,,,,<a refstr=STASSUN_ET_AL__2019 href=https://ui.adsabs.harvard.edu/abs/2019AJ....158..138S/abstract target=ref>TICv8</a>,1819.17
29674,Kepler-35,Kepler-35 B,2,1,1,<a refstr=Q1_Q17_DR25_SUPPLEMENTAL_KOI_TABLE href=https://exoplanetarchive.ipac.caltech.edu/docs/Kepler_KOI_docs.html target=ref>Q1-Q17 DR25 Supplemental KOI Table</a>,,,,,,,,,
29675,Kepler-35,Kepler-35,2,1,1,<a refstr=Q1_Q17_DR24_KOI_TABLE href=https://exoplanetarchive.ipac.caltech.edu/docs/Kepler_KOI_docs.html target=ref>Q1-Q17 DR24 KOI Table</a>,,5620.0,0.97,0.8,-0.32,[Fe/H],,<a refstr=STASSUN_ET_AL__2019 href=https://ui.adsabs.harvard.edu/abs/2019AJ....158..138S/abstract target=ref>TICv8</a>,1819.17
29676,Kepler-35,Kepler-35 B,2,1,1,<a refstr=Q1_Q17_DR24_KOI_TABLE href=https://exoplanetarchive.ipac.caltech.edu/docs/Kepler_KOI_docs.html target=ref>Q1-Q17 DR24 KOI Table</a>,,5620.0,0.97,0.8,-0.32,[Fe/H],,,
30438,Kepler-38,Kepler-38,2,1,1,<a refstr=Q1_Q12_KOI_TABLE href=https://exoplanetarchive.ipac.caltech.edu/docs/Kepler_KOI_docs.html target=ref>Q1-Q12 KOI Table</a>,,5623.0,1.84,1.04,-0.12,[Fe/H],,<a refstr=STASSUN_ET_AL__2019 href=https://ui.adsabs.harvard.edu/abs/2019AJ....158..138S/abstract target=ref>TICv8</a>,1174.59
30439,Kepler-38,Kepler-38,2,1,1,<a refstr=Q1_Q17_DR25_SUPPLEMENTAL_KOI_TABLE href=https://exoplanetarchive.ipac.caltech.edu/docs/Kepler_KOI_docs.html target=ref>Q1-Q17 DR25 Supplemental KOI Table</a>,,,,,,,,<a refstr=STASSUN_ET_AL__2019 href=https://ui.adsabs.harvard.edu/abs/2019AJ....158..138S/abstract target=ref>TICv8</a>,1174.59
30440,Kepler-38,Kepler-38,2,1,1,<a refstr=BERGER_ET_AL__2018 href=https://ui.adsabs.harvard.edu/abs/2018ApJ...866...99B/abstract target=ref>Berger et al. 2018</a>,,5623.0,1.86,,,,,<a refstr=STASSUN_ET_AL__2019 href=https://ui.adsabs.harvard.edu/abs/2019AJ....158..138S/abstract target=ref>TICv8</a>,1174.59
30441,Kepler-38,Kepler-38,2,1,1,<a refstr=Q1_Q8_KOI_TABLE href=https://exoplanetarchive.ipac.caltech.edu/docs/Kepler_KOI_docs.html target=ref>Q1-Q8 KOI Table</a>,,5901.0,0.95,0.98,,,,<a refstr=STASSUN_ET_AL__2019 href=https://ui.adsabs.harvard.edu/abs/2019AJ....158..138S/abstract target=ref>TICv8</a>,1174.59
30442,Kepler-38,Kepler-38 Ab,2,1,1,<a refstr=Q1_Q12_KOI_TABLE href=https://exoplanetarchive.ipac.caltech.edu/docs/Kepler_KOI_docs.html target=ref>Q1-Q12 KOI Table</a>,,5623.0,1.84,1.04,-0.12,[Fe/H],,,
30443,Kepler-38,Kepler-38 Ab,2,1,1,<a refstr=Q1_Q17_DR24_KOI_TABLE href=https://exoplanetarchive.ipac.caltech.edu/docs/Kepler_KOI_docs.html target=ref>Q1-Q17 DR24 KOI Table</a>,,5623.0,1.84,1.04,-0.12,[Fe/H],,,
30444,Kepler-38,Kepler-38,2,1,1,<a refstr=OROSZ_ET_AL__2012 href=https://ui.adsabs.harvard.edu/abs/2012ApJ...758...87O/abstract target=ref> Orosz et al. 2012 </a>,G4 V,5623.0,1.75,0.94,-0.11,[M/H],,<a refstr=STASSUN_ET_AL__2019 href=https://ui.adsabs.harvard.edu/abs/2019AJ....158..138S/abstract target=ref>TICv8</a>,1174.59
30445,Kepler-38,Kepler-38 Ab,2,1,1,<a refstr=Q1_Q16_KOI_TABLE href=https://exoplanetarchive.ipac.caltech.edu/docs/Kepler_KOI_docs.html target=ref>Q1-Q16 KOI Table</a>,,5623.0,1.84,1.04,-0.12,[Fe/H],,,
30446,Kepler-38,Kepler-38 Ab,2,1,1,<a refstr=Q1_Q8_KOI_TABLE href=https://exoplanetarchive.ipac.caltech.edu/docs/Kepler_KOI_docs.html target=ref>Q1-Q8 KOI Table</a>,,5901.0,0.95,0.98,,,,,
30447,Kepler-38,Kepler-38 Ab,2,1,1,<a refstr=Q1_Q17_DR25_KOI_TABLE href=https://exoplanetarchive.ipac.caltech.edu/docs/Kepler_KOI_docs.html target=ref>Q1-Q17 DR25 KOI Table</a>,,5623.0,1.84,1.04,-0.12,[Fe/H],,,
30448,Kepler-38,Kepler-38,2,1,1,<a refstr=LATHAM_ET_AL__2005 href=https://ui.adsabs.harvard.edu/abs/2005AAS...20711013L/abstract target=ref> Latham et al. 2005 </a>,,5640.0,0.99,,-0.158,[Fe/H],,<a refstr=STASSUN_ET_AL__2019 href=https://ui.adsabs.harvard.edu/abs/2019AJ....158..138S/abstract target=ref>TICv8</a>,1174.59
30449,Kepler-38,Kepler-38,2,1,1,<a refstr=Q1_Q17_DR25_KOI_TABLE href=https://exoplanetarchive.ipac.caltech.edu/docs/Kepler_KOI_docs.html target=ref>Q1-Q17 DR25 KOI Table</a>,,5623.0,1.84,1.04,-0.12,[Fe/H],,<a refstr=STASSUN_ET_AL__2019 href=https://ui.adsabs.harvard.edu/abs/2019AJ....158..138S/abstract target=ref>TICv8</a>,1174.59
30450,Kepler-38,Kepler-38,2,1,1,<a refstr=GAIA_COLLABORATION_ET_AL__2018 href=https://ui.adsabs.harvard.edu/abs/2018A&A...616A...1G/abstract target=ref>Gaia DR2</a>,,5435.25,1.99,,,,3.1045595881283554,<a refstr=STASSUN_ET_AL__2019 href=https://ui.adsabs.harvard.edu/abs/2019AJ....158..138S/abstract target=ref>TICv8</a>,1174.59
30451,Kepler-38,Kepler-38,2,1,1,<a refstr=STASSUN_ET_AL__2019 href=https://ui.adsabs.harvard.edu/abs/2019AJ....158..138S/abstract target=ref>TICv8</a>,,5690.0,1.84,1.01,,,3.1841975217261247,<a refstr=STASSUN_ET_AL__2019 href=https://ui.adsabs.harvard.edu/abs/2019AJ....158..138S/abstract target=ref>TICv8</a>,1174.59
30452,Kepler-38,Kepler-38,2,1,1,<a refstr=Q1_Q16_KOI_TABLE href=https://exoplanetarchive.ipac.caltech.edu/docs/Kepler_KOI_docs.html target=ref>Q1-Q16 KOI Table</a>,,5623.0,1.84,1.04,-0.12,[Fe/H],,<a refstr=STASSUN_ET_AL__2019 href=https://ui.adsabs.harvard.edu/abs/2019AJ....158..138S/abstract target=ref>TICv8</a>,1174.59
30453,Kepler-38,Kepler-38,2,1,1,<a refstr=Q1_Q17_DR24_KOI_TABLE href=https://exoplanetarchive.ipac.caltech.edu/docs/Kepler_KOI_docs.html target=ref>Q1-Q17 DR24 KOI Table</a>,,5623.0,1.84,1.04,-0.12,[Fe/H],,<a refstr=STASSUN_ET_AL__2019 href=https://ui.adsabs.harvard.edu/abs/2019AJ....158..138S/abstract target=ref>TICv8</a>,1174.59
30454,Kepler-38,Kepler-38 Ab,2,1,1,<a refstr=Q1_Q17_DR25_SUPPLEMENTAL_KOI_TABLE href=https://exoplanetarchive.ipac.caltech.edu/docs/Kepler_KOI_docs.html target=ref>Q1-Q17 DR25 Supplemental KOI Table</a>,,,,,,,,,
31247,Kepler-413,Kepler-413 Ab,2,1,1,<a refstr=Q1_Q17_DR24_KOI_TABLE href=https://exoplanetarchive.ipac.caltech.edu/docs/Kepler_KOI_docs.html target=ref>Q1-Q17 DR24 KOI Table</a>,,4717.0,0.52,0.54,-1.44,[Fe/H],,,
31248,Kepler-413,Kepler-413,2,1,1,<a refstr=LATHAM_ET_AL__2005 href=https://ui.adsabs.harvard.edu/abs/2005AAS...20711013L/abstract target=ref> Latham et al. 2005 </a>,,4641.0,0.62,,-1.431,[Fe/H],,<a refstr=STASSUN_ET_AL__2019 href=https://ui.adsabs.harvard.edu/abs/2019AJ....158..138S/abstract target=ref>TICv8</a>,847.536
31249,Kepler-413,Kepler-413,2,1,1,<a refstr=KOSTOV_ET_AL__2014 href=https://ui.adsabs.harvard.edu/abs/2014ApJ...784...14K/abstract target=ref>Kostov et al. 2014</a>,,4700.0,0.78,0.82,-0.2,[Fe/H],,<a refstr=STASSUN_ET_AL__2019 href=https://ui.adsabs.harvard.edu/abs/2019AJ....158..138S/abstract target=ref>TICv8</a>,847.536
31250,Kepler-413,Kepler-413 Ab,2,1,1,<a refstr=Q1_Q17_DR25_KOI_TABLE href=https://exoplanetarchive.ipac.caltech.edu/docs/Kepler_KOI_docs.html target=ref>Q1-Q17 DR25 KOI Table</a>,,4717.0,0.52,0.54,-1.44,[Fe/H],,,
31251,Kepler-413,Kepler-413 Ab,2,1,1,<a refstr=Q1_Q17_DR25_SUPPLEMENTAL_KOI_TABLE href=https://exoplanetarchive.ipac.caltech.edu/docs/Kepler_KOI_docs.html target=ref>Q1-Q17 DR25 Supplemental KOI Table</a>,,,,,,,,,
31252,Kepler-413,Kepler-413,2,1,1,<a refstr=STASSUN_ET_AL__2019 href=https://ui.adsabs.harvard.edu/abs/2019AJ....158..138S/abstract target=ref>TICv8</a>,,4834.0,0.89,0.78,,,0.3944573020752784,<a refstr=STASSUN_ET_AL__2019 href=https://ui.adsabs.harvard.edu/abs/2019AJ....158..138S/abstract target=ref>TICv8</a>,847.536
31253,Kepler-413,Kepler-413,2,1,1,<a refstr=Q1_Q17_DR25_SUPPLEMENTAL_KOI_TABLE href=https://exoplanetarchive.ipac.caltech.edu/docs/Kepler_KOI_docs.html target=ref>Q1-Q17 DR25 Supplemental KOI Table</a>,,,,,,,,<a refstr=STASSUN_ET_AL__2019 href=https://ui.adsabs.harvard.edu/abs/2019AJ....158..138S/abstract target=ref>TICv8</a>,847.536
31254,Kepler-413,Kepler-413,2,1,1,<a refstr=Q1_Q17_DR24_KOI_TABLE href=https://exoplanetarchive.ipac.caltech.edu/docs/Kepler_KOI_docs.html target=ref>Q1-Q17 DR24 KOI Table</a>,,4717.0,0.52,0.54,-1.44,[Fe/H],,<a refstr=STASSUN_ET_AL__2019 href=https://ui.adsabs.harvard.edu/abs/2019AJ....158..138S/abstract target=ref>TICv8</a>,847.536
31255,Kepler-413,Kepler-413,2,1,1,<a refstr=BERGER_ET_AL__2018 href=https://ui.adsabs.harvard.edu/abs/2018ApJ...866...99B/abstract target=ref>Berger et al. 2018</a>,,4715.0,0.94,,,,,<a refstr=STASSUN_ET_AL__2019 href=https://ui.adsabs.harvard.edu/abs/2019AJ....158..138S/abstract target=ref>TICv8</a>,847.536
31256,Kepler-413,Kepler-413,2,1,1,<a refstr=Q1_Q17_DR25_KOI_TABLE href=https://exoplanetarchive.ipac.caltech.edu/docs/Kepler_KOI_docs.html target=ref>Q1-Q17 DR25 KOI Table</a>,,4717.0,0.52,0.54,-1.44,[Fe/H],,<a refstr=STASSUN_ET_AL__2019 href=https://ui.adsabs.harvard.edu/abs/2019AJ....158..138S/abstract target=ref>TICv8</a>,847.536
31257,Kepler-413,Kepler-413,2,1,1,<a refstr=GAIA_COLLABORATION_ET_AL__2018 href=https://ui.adsabs.harvard.edu/abs/2018A&A...616A...1G/abstract target=ref>Gaia DR2</a>,,4850.5,0.86,,,,0.37153522909717257,<a refstr=STASSUN_ET_AL__2019 href=https://ui.adsabs.harvard.edu/abs/2019AJ....158..138S/abstract target=ref>TICv8</a>,847.536
31959,Kepler-453,Kepler-453,2,1,1,<a refstr=LATHAM_ET_AL__2005 href=https://ui.adsabs.harvard.edu/abs/2005AAS...20711013L/abstract target=ref> Latham et al. 2005 </a>,,5425.0,0.64,,-0.343,[Fe/H],,<a refstr=STASSUN_ET_AL__2019 href=https://ui.adsabs.harvard.edu/abs/2019AJ....158..138S/abstract target=ref>TICv8</a>,442.846
31960,Kepler-453,Kepler-453,2,1,1,<a refstr=Q1_Q16_KOI_TABLE href=https://exoplanetarchive.ipac.caltech.edu/docs/Kepler_KOI_docs.html target=ref>Q1-Q16 KOI Table</a>,,5618.0,0.77,0.84,-0.38,[Fe/H],,<a refstr=STASSUN_ET_AL__2019 href=https://ui.adsabs.harvard.edu/abs/2019AJ....158..138S/abstract target=ref>TICv8</a>,442.846
31961,Kepler-453,Kepler-453,2,1,1,<a refstr=GAIA_COLLABORATION_ET_AL__2018 href=https://ui.adsabs.harvard.edu/abs/2018A&A...616A...1G/abstract target=ref>Gaia DR2</a>,,5428.0,0.88,,,,0.6011737374832781,<a refstr=STASSUN_ET_AL__2019 href=https://ui.adsabs.harvard.edu/abs/2019AJ....158..138S/abstract target=ref>TICv8</a>,442.846
31962,Kepler-453,Kepler-453,2,1,1,<a refstr=Q1_Q17_DR25_SUPPLEMENTAL_KOI_TABLE href=https://exoplanetarchive.ipac.caltech.edu/docs/Kepler_KOI_docs.html target=ref>Q1-Q17 DR25 Supplemental KOI Table</a>,,,,,,,,<a refstr=STASSUN_ET_AL__2019 href=https://ui.adsabs.harvard.edu/abs/2019AJ....158..138S/abstract target=ref>TICv8</a>,442.846
31963,Kepler-453,Kepler-453,2,1,1,<a refstr=WELSH_ET_AL__2015 href=https://ui.adsabs.harvard.edu/abs/2015ApJ...809...26W/abstract target=ref>Welsh et al. 2015</a>,,5527.0,0.83,0.94,0.09,[M/H],,<a refstr=STASSUN_ET_AL__2019 href=https://ui.adsabs.harvard.edu/abs/2019AJ....158..138S/abstract target=ref>TICv8</a>,442.846
31964,Kepler-453,Kepler-453 Ab,2,1,1,<a refstr=Q1_Q17_DR25_KOI_TABLE href=https://exoplanetarchive.ipac.caltech.edu/docs/Kepler_KOI_docs.html target=ref>Q1-Q17 DR25 KOI Table</a>,,5620.0,0.77,0.86,-0.36,[Fe/H],,,
31965,Kepler-453,Kepler-453 Ab,2,1,1,<a refstr=Q1_Q6_KOI_TABLE href=https://exoplanetarchive.ipac.caltech.edu/docs/Kepler_KOI_docs.html target=ref>Q1-Q6 KOI Table</a>,,5425.0,,,,,,,
31966,Kepler-453,Kepler-453 Ab,2,1,1,<a refstr=Q1_Q17_DR25_SUPPLEMENTAL_KOI_TABLE href=https://exoplanetarchive.ipac.caltech.edu/docs/Kepler_KOI_docs.html target=ref>Q1-Q17 DR25 Supplemental KOI Table</a>,,,,,,,,,
31967,Kepler-453,Kepler-453 Ab,2,1,1,<a refstr=Q1_Q8_KOI_TABLE href=https://exoplanetarchive.ipac.caltech.edu/docs/Kepler_KOI_docs.html target=ref>Q1-Q8 KOI Table</a>,,5664.0,0.83,0.94,,,,,
31968,Kepler-453,Kepler-453 Ab,2,1,1,<a refstr=Q1_Q16_KOI_TABLE href=https://exoplanetarchive.ipac.caltech.edu/docs/Kepler_KOI_docs.html target=ref>Q1-Q16 KOI Table</a>,,5618.0,0.77,0.84,-0.38,[Fe/H],,,
31969,Kepler-453,Kepler-453,2,1,1,<a refstr=Q1_Q8_KOI_TABLE href=https://exoplanetarchive.ipac.caltech.edu/docs/Kepler_KOI_docs.html target=ref>Q1-Q8 KOI Table</a>,,5664.0,0.83,0.94,,,,<a refstr=STASSUN_ET_AL__2019 href=https://ui.adsabs.harvard.edu/abs/2019AJ....158..138S/abstract target=ref>TICv8</a>,442.846
31970,Kepler-453,Kepler-453,2,1,1,<a refstr=BERGER_ET_AL__2018 href=https://ui.adsabs.harvard.edu/abs/2018ApJ...866...99B/abstract target=ref>Berger et al. 2018</a>,,5634.0,0.85,,,,,<a refstr=STASSUN_ET_AL__2019 href=https://ui.adsabs.harvard.edu/abs/2019AJ....158..138S/abstract target=ref>TICv8</a>,442.846
31971,Kepler-453,Kepler-453 Ab,2,1,1,<a refstr=Q1_Q17_DR24_KOI_TABLE href=https://exoplanetarchive.ipac.caltech.edu/docs/Kepler_KOI_docs.html target=ref>Q1-Q17 DR24 KOI Table</a>,,5618.0,0.77,0.84,-0.38,[Fe/H],,,
31972,Kepler-453,Kepler-453,2,1,1,<a refstr=Q1_Q12_KOI_TABLE href=https://exoplanetarchive.ipac.caltech.edu/docs/Kepler_KOI_docs.html target=ref>Q1-Q12 KOI Table</a>,,5618.0,0.77,0.84,-0.38,[Fe/H],,<a refstr=STASSUN_ET_AL__2019 href=https://ui.adsabs.harvard.edu/abs/2019AJ....158..138S/abstract target=ref>TICv8</a>,442.846
31973,Kepler-453,Kepler-453 Ab,2,1,1,<a refstr=Q1_Q12_KOI_TABLE href=https://exoplanetarchive.ipac.caltech.edu/docs/Kepler_KOI_docs.html target=ref>Q1-Q12 KOI Table</a>,,5618.0,0.77,0.84,-0.38,[Fe/H],,,
31974,Kepler-453,Kepler-453,2,1,1,<a refstr=STASSUN_ET_AL__2019 href=https://ui.adsabs.harvard.edu/abs/2019AJ....158..138S/abstract target=ref>TICv8</a>,,5517.23,0.86,0.97,-0.024,[M/H],0.6208690342300636,<a refstr=STASSUN_ET_AL__2019 href=https://ui.adsabs.harvard.edu/abs/2019AJ....158..138S/abstract target=ref>TICv8</a>,442.846
31975,Kepler-453,Kepler-453,2,1,1,<a refstr=Q1_Q17_DR25_KOI_TABLE href=https://exoplanetarchive.ipac.caltech.edu/docs/Kepler_KOI_docs.html target=ref>Q1-Q17 DR25 KOI Table</a>,,5620.0,0.77,0.86,-0.36,[Fe/H],,<a refstr=STASSUN_ET_AL__2019 href=https://ui.adsabs.harvard.edu/abs/2019AJ....158..138S/abstract target=ref>TICv8</a>,442.846
31976,Kepler-453,Kepler-453,2,1,1,<a refstr=Q1_Q17_DR24_KOI_TABLE href=https://exoplanetarchive.ipac.caltech.edu/docs/Kepler_KOI_docs.html target=ref>Q1-Q17 DR24 KOI Table</a>,,5618.0,0.77,0.84,-0.38,[Fe/H],,<a refstr=STASSUN_ET_AL__2019 href=https://ui.adsabs.harvard.edu/abs/2019AJ....158..138S/abstract target=ref>TICv8</a>,442.846
31977,Kepler-453,Kepler-453,2,1,1,<a refstr=Q1_Q6_KOI_TABLE href=https://exoplanetarchive.ipac.caltech.edu/docs/Kepler_KOI_docs.html target=ref>Q1-Q6 KOI Table</a>,,5425.0,,,,,,<a refstr=STASSUN_ET_AL__2019 href=https://ui.adsabs.harvard.edu/abs/2019AJ....158..138S/abstract target=ref>TICv8</a>,442.846
32136,Kepler-47,Kepler-47,2,3,1,<a refstr=GAIA_COLLABORATION_ET_AL__2018 href=https://ui.adsabs.harvard.edu/abs/2018A&A...616A...1G/abstract target=ref>Gaia DR2</a>,,5689.0,0.87,,,,0.7177942912713617,<a refstr=STASSUN_ET_AL__2019 href=https://ui.adsabs.harvard.edu/abs/2019AJ....158..138S/abstract target=ref>TICv8</a>,1025.02
32137,Kepler-47,Kepler-47,2,3,1,<a refstr=Q1_Q17_DR24_KOI_TABLE href=https://exoplanetarchive.ipac.caltech.edu/docs/Kepler_KOI_docs.html target=ref>Q1-Q17 DR24 KOI Table</a>,,5636.0,0.87,0.85,-0.26,[Fe/H],,<a refstr=STASSUN_ET_AL__2019 href=https://ui.adsabs.harvard.edu/abs/2019AJ....158..138S/abstract target=ref>TICv8</a>,1025.02
32138,Kepler-47,Kepler-47,2,3,1,<a refstr=BERGER_ET_AL__2018 href=https://ui.adsabs.harvard.edu/abs/2018ApJ...866...99B/abstract target=ref>Berger et al. 2018</a>,,5636.0,0.94,,,,,<a refstr=STASSUN_ET_AL__2019 href=https://ui.adsabs.harvard.edu/abs/2019AJ....158..138S/abstract target=ref>TICv8</a>,1025.02
32139,Kepler-47,Kepler-47,2,3,1,<a refstr=LATHAM_ET_AL__2005 href=https://ui.adsabs.harvard.edu/abs/2005AAS...20711013L/abstract target=ref> Latham et al. 2005 </a>,,5673.0,0.76,,-0.252,[Fe/H],,<a refstr=STASSUN_ET_AL__2019 href=https://ui.adsabs.harvard.edu/abs/2019AJ....158..138S/abstract target=ref>TICv8</a>,1025.02
32140,Kepler-47,Kepler-47,2,3,1,<a refstr=Q1_Q17_DR25_KOI_TABLE href=https://exoplanetarchive.ipac.caltech.edu/docs/Kepler_KOI_docs.html target=ref>Q1-Q17 DR25 KOI Table</a>,,5636.0,0.87,0.85,-0.26,[Fe/H],,<a refstr=STASSUN_ET_AL__2019 href=https://ui.adsabs.harvard.edu/abs/2019AJ....158..138S/abstract target=ref>TICv8</a>,1025.02
32141,Kepler-47,Kepler-47,2,3,1,<a refstr=OROSZ_ET_AL__2019 href=https://ui.adsabs.harvard.edu/abs/2019AJ....157..174O/abstract target=ref>Orosz et al. 2019</a>,,,0.94,0.96,,,,<a refstr=STASSUN_ET_AL__2019 href=https://ui.adsabs.harvard.edu/abs/2019AJ....158..138S/abstract target=ref>TICv8</a>,1025.02
32142,Kepler-47,Kepler-47 B,2,3,1,<a refstr=Q1_Q17_DR25_SUPPLEMENTAL_KOI_TABLE href=https://exoplanetarchive.ipac.caltech.edu/docs/Kepler_KOI_docs.html target=ref>Q1-Q17 DR25 Supplemental KOI Table</a>,,,,,,,,,
32143,Kepler-47,Kepler-47,2,3,1,<a refstr=OROSZ_ET_AL__2012 href=https://ui.adsabs.harvard.edu/abs/2012Sci...337.1511O/abstract target=ref> Orosz et al. 2012 </a>,,5636.0,0.96,1.05,-0.25,[M/H],0.8394599865193975,<a refstr=STASSUN_ET_AL__2019 href=https://ui.adsabs.harvard.edu/abs/2019AJ....158..138S/abstract target=ref>TICv8</a>,1025.02
32144,Kepler-47,Kepler-47,2,3,1,<a refstr=Q1_Q17_DR25_SUPPLEMENTAL_KOI_TABLE href=https://exoplanetarchive.ipac.caltech.edu/docs/Kepler_KOI_docs.html target=ref>Q1-Q17 DR25 Supplemental KOI Table</a>,,,,,,,,<a refstr=STASSUN_ET_AL__2019 href=https://ui.adsabs.harvard.edu/abs/2019AJ....158..138S/abstract target=ref>TICv8</a>,1025.02
32145,Kepler-47,Kepler-47 B,2,3,1,<a refstr=Q1_Q17_DR25_KOI_TABLE href=https://exoplanetarchive.ipac.caltech.edu/docs/Kepler_KOI_docs.html target=ref>Q1-Q17 DR25 KOI Table</a>,,5636.0,0.87,0.85,-0.26,[Fe/H],,,
32146,Kepler-47,Kepler-47 B,2,3,1,<a refstr=Q1_Q17_DR24_KOI_TABLE href=https://exoplanetarchive.ipac.caltech.edu/docs/Kepler_KOI_docs.html target=ref>Q1-Q17 DR24 KOI Table</a>,,5636.0,0.87,0.85,-0.26,[Fe/H],,,
32147,Kepler-47,Kepler-47,2,3,1,<a refstr=STASSUN_ET_AL__2019 href=https://ui.adsabs.harvard.edu/abs/2019AJ....158..138S/abstract target=ref>TICv8</a>,,5611.93,0.93,0.99,-0.043,[M/H],0.7655966069112563,<a refstr=STASSUN_ET_AL__2019 href=https://ui.adsabs.harvard.edu/abs/2019AJ....158..138S/abstract target=ref>TICv8</a>,1025.02
41008,MXB 1658-298,MXB 1658-298 Ab,2,1,1,,,,,,,,,,
41009,MXB 1658-298,MXB 1658-298,2,1,1,<a refstr=LEWIN__AMP__JOSS_1981 href=https://ui.adsabs.harvard.edu/abs/1981SSRv...28....3L/abstract target=ref>Lewin &amp; Joss 1981</a>,,,,1.98,,,,,
41115,NN Ser,NN Ser,2,2,1,<a refstr=GAIA_COLLABORATION_ET_AL__2018 href=https://ui.adsabs.harvard.edu/abs/2018A&A...616A...1G/abstract target=ref>Gaia DR2</a>,,8565.0,,,,,,<a refstr=STASSUN_ET_AL__2019 href=https://ui.adsabs.harvard.edu/abs/2019AJ....158..138S/abstract target=ref>TICv8</a>,515.818
41116,NN Ser,NN Ser Ab,2,2,1,,,,,,,,,,
41117,NN Ser,NN Ser,2,2,1,<a refstr=BEUERMANN_ET_AL__2010 href=https://ui.adsabs.harvard.edu/abs/2010A%26A...521L..60B/abstract target=ref> Beuermann et al. 2010 </a>,WD,57000.0,,0.54,,,,<a refstr=STASSUN_ET_AL__2019 href=https://ui.adsabs.harvard.edu/abs/2019AJ....158..138S/abstract target=ref>TICv8</a>,515.818
41118,NSVS 14256825,NSVS 14256825,2,1,1,<a refstr=GAIA_COLLABORATION_ET_AL__2018 href=https://ui.adsabs.harvard.edu/abs/2018A&A...616A...1G/abstract target=ref>Gaia DR2</a>,,8868.67,,,,,,<a refstr=STASSUN_ET_AL__2019 href=https://ui.adsabs.harvard.edu/abs/2019AJ....158..138S/abstract target=ref>TICv8</a>,820.877
41119,NSVS 14256825,NSVS 14256825 Ab,2,1,1,<a refstr=ZHU_ET_AL__2019 href=https://ui.adsabs.harvard.edu/abs/2019RAA....19..134Z/abstract target=ref>Zhu et al. 2019</a>,M,2550.0,0.16,0.11,,,,<a refstr=STASSUN_ET_AL__2019 href=https://ui.adsabs.harvard.edu/abs/2019AJ....158..138S/abstract target=ref>TICv8</a>,
41120,NSVS 14256825,NSVS 14256825,2,1,1,<a refstr=ZHU_ET_AL__2019 href=https://ui.adsabs.harvard.edu/abs/2019RAA....19..134Z/abstract target=ref>Zhu et al. 2019</a>,,40000.0,0.19,0.42,,,,<a refstr=STASSUN_ET_AL__2019 href=https://ui.adsabs.harvard.edu/abs/2019AJ....158..138S/abstract target=ref>TICv8</a>,820.877
41121,NSVS 14256825,NSVS 14256825,2,1,1,<a refstr=STASSUN_ET_AL__2019 href=https://ui.adsabs.harvard.edu/abs/2019AJ....158..138S/abstract target=ref>TICv8</a>,,40000.0,0.2,0.47,,,94.18895965228413,<a refstr=STASSUN_ET_AL__2019 href=https://ui.adsabs.harvard.edu/abs/2019AJ....158..138S/abstract target=ref>TICv8</a>,820.877
41122,NY Vir,NY Vir Ab,2,2,1,,,,,,,,,,
41123,NY Vir,NY Vir,2,2,1,<a refstr=STASSUN_ET_AL__2019 href=https://ui.adsabs.harvard.edu/abs/2019AJ....158..138S/abstract target=ref>TICv8</a>,,32780.0,0.15,0.46,,,23.71373705661655,<a refstr=STASSUN_ET_AL__2019 href=https://ui.adsabs.harvard.edu/abs/2019AJ....158..138S/abstract target=ref>TICv8</a>,544.024
41124,NY Vir,NY Vir,2,2,1,<a refstr=GAIA_COLLABORATION_ET_AL__2018 href=https://ui.adsabs.harvard.edu/abs/2018A&A...616A...1G/abstract target=ref>Gaia DR2</a>,,8868.67,,,,,,<a refstr=STASSUN_ET_AL__2019 href=https://ui.adsabs.harvard.edu/abs/2019AJ....158..138S/abstract target=ref>TICv8</a>,544.024
41141,OGLE-2007-BLG-349L,OGLE-2007-BLG-349L B,2,1,1,<a refstr=BENNETT_ET_AL__2016 href=https://ui.adsabs.harvard.edu/abs/2016AJ....152..125B/abstract target=ref>Bennett et al. 2016</a>,M,,,0.3,,,,<a refstr=BENNETT_ET_AL__2016 href=https://ui.adsabs.harvard.edu/abs/2016AJ....152..125B/abstract target=ref>Bennett et al. 2016</a>,2760.0
41142,OGLE-2007-BLG-349L,OGLE-2007-BLG-349L A,2,1,1,<a refstr=BENNETT_ET_AL__2016 href=https://ui.adsabs.harvard.edu/abs/2016AJ....152..125B/abstract target=ref>Bennett et al. 2016</a>,M,,,0.41,,,,<a refstr=BENNETT_ET_AL__2016 href=https://ui.adsabs.harvard.edu/abs/2016AJ....152..125B/abstract target=ref>Bennett et al. 2016</a>,2760.0
41237,OGLE-2016-BLG-0613L,OGLE-2016-BLG-0613L AB,2,1,1,<a refstr=HAN_ET_AL__2017 href=https://ui.adsabs.harvard.edu/abs/2017AJ....154..223H/abstract target=ref>Han et al. 2017</a>,,,,0.72,,,,<a refstr=HAN_ET_AL__2017 href=https://ui.adsabs.harvard.edu/abs/2017AJ....154..223H/abstract target=ref>Han et al. 2017</a>,3410.0
41238,OGLE-2016-BLG-0613L,OGLE-2016-BLG-0613L AB,2,1,1,<a refstr=HAN_ET_AL__2017 href=https://ui.adsabs.harvard.edu/abs/2017AJ....154..223H/abstract target=ref>Han et al. 2017</a>,,,,0.65,,,,<a refstr=HAN_ET_AL__2017 href=https://ui.adsabs.harvard.edu/abs/2017AJ....154..223H/abstract target=ref>Han et al. 2017</a>,3560.0
41239,OGLE-2016-BLG-0613L,OGLE-2016-BLG-0613L B,2,1,1,,,,,,,,,,
41240,OGLE-2016-BLG-0613L,OGLE-2016-BLG-0613L AB,2,1,1,<a refstr=HAN_ET_AL__2017 href=https://ui.adsabs.harvard.edu/abs/2017AJ....154..223H/abstract target=ref>Han et al. 2017</a>,,,,0.66,,,,<a refstr=HAN_ET_AL__2017 href=https://ui.adsabs.harvard.edu/abs/2017AJ....154..223H/abstract target=ref>Han et al. 2017</a>,3840.0
41241,OGLE-2016-BLG-0613L,OGLE-2016-BLG-0613L AB,2,1,1,<a refstr=HAN_ET_AL__2017 href=https://ui.adsabs.harvard.edu/abs/2017AJ....154..223H/abstract target=ref>Han et al. 2017</a>,,,,0.63,,,,<a refstr=HAN_ET_AL__2017 href=https://ui.adsabs.harvard.edu/abs/2017AJ....154..223H/abstract target=ref>Han et al. 2017</a>,2930.0
41242,OGLE-2016-BLG-0613L,OGLE-2016-BLG-0613L AB,2,1,1,<a refstr=HAN_ET_AL__2017 href=https://ui.adsabs.harvard.edu/abs/2017AJ....154..223H/abstract target=ref>Han et al. 2017</a>,,,,0.8,,,,<a refstr=HAN_ET_AL__2017 href=https://ui.adsabs.harvard.edu/abs/2017AJ....154..223H/abstract target=ref>Han et al. 2017</a>,3190.0
41243,OGLE-2016-BLG-0613L,OGLE-2016-BLG-0613L AB,2,1,1,<a refstr=HAN_ET_AL__2017 href=https://ui.adsabs.harvard.edu/abs/2017AJ....154..223H/abstract target=ref>Han et al. 2017</a>,,,,0.81,,,,<a refstr=HAN_ET_AL__2017 href=https://ui.adsabs.harvard.edu/abs/2017AJ....154..223H/abstract target=ref>Han et al. 2017</a>,3210.0
41378,OGLE-2018-BLG-1700L,OGLE-2018-BLG-1700L,2,1,1,<a refstr=HAN_ET_AL__2020 href=https://ui.adsabs.harvard.edu/abs/2020AJ....159...48H/abstract target=ref>Han et al. 2020</a>,,,,0.42,,,,<a refstr=HAN_ET_AL__2020 href=https://ui.adsabs.harvard.edu/abs/2020AJ....159...48H/abstract target=ref>Han et al. 2020</a>,7600.0
41379,OGLE-2018-BLG-1700L,OGLE-2018-BLG-1700L,2,1,1,<a refstr=HAN_ET_AL__2020 href=https://ui.adsabs.harvard.edu/abs/2020AJ....159...48H/abstract target=ref>Han et al. 2020</a>,,,,0.42,,,,<a refstr=HAN_ET_AL__2020 href=https://ui.adsabs.harvard.edu/abs/2020AJ....159...48H/abstract target=ref>Han et al. 2020</a>,7600.0
41380,OGLE-2018-BLG-1700L,OGLE-2018-BLG-1700L Ab,2,1,1,,,,,,,,,,
41405,OGLE-2019-BLG-1470L,OGLE-2019-BLG-1470L B,2,1,1,<a refstr=KUANG_ET_AL__2022 href=https://ui.adsabs.harvard.edu/abs/2022MNRAS.516.1704K/abstract target=ref>Kuang et al. 2022</a>,,,,0.42,,,,<a refstr=KUANG_ET_AL__2022 href=https://ui.adsabs.harvard.edu/abs/2022MNRAS.516.1704K/abstract target=ref>Kuang et al. 2022</a>,5100.0
41406,OGLE-2019-BLG-1470L,OGLE-2019-BLG-1470L A,2,1,1,<a refstr=KUANG_ET_AL__2022 href=https://ui.adsabs.harvard.edu/abs/2022MNRAS.516.1704K/abstract target=ref>Kuang et al. 2022</a>,,,,0.6,,,,<a refstr=KUANG_ET_AL__2022 href=https://ui.adsabs.harvard.edu/abs/2022MNRAS.516.1704K/abstract target=ref>Kuang et al. 2022</a>,5100.0
41407,OGLE-2019-BLG-1470L,OGLE-2019-BLG-1470L B,2,1,1,<a refstr=KUANG_ET_AL__2022 href=https://ui.adsabs.harvard.edu/abs/2022MNRAS.516.1704K/abstract target=ref>Kuang et al. 2022</a>,,,,0.1,,,,<a refstr=KUANG_ET_AL__2022 href=https://ui.adsabs.harvard.edu/abs/2022MNRAS.516.1704K/abstract target=ref>Kuang et al. 2022</a>,5600.0
41408,OGLE-2019-BLG-1470L,OGLE-2019-BLG-1470L B,2,1,1,<a refstr=KUANG_ET_AL__2022 href=https://ui.adsabs.harvard.edu/abs/2022MNRAS.516.1704K/abstract target=ref>Kuang et al. 2022</a>,,,,0.55,,,,<a refstr=KUANG_ET_AL__2022 href=https://ui.adsabs.harvard.edu/abs/2022MNRAS.516.1704K/abstract target=ref>Kuang et al. 2022</a>,6100.0
41409,OGLE-2019-BLG-1470L,OGLE-2019-BLG-1470L A,2,1,1,<a refstr=KUANG_ET_AL__2022 href=https://ui.adsabs.harvard.edu/abs/2022MNRAS.516.1704K/abstract target=ref>Kuang et al. 2022</a>,,,,0.57,,,,<a refstr=KUANG_ET_AL__2022 href=https://ui.adsabs.harvard.edu/abs/2022MNRAS.516.1704K/abstract target=ref>Kuang et al. 2022</a>,5900.0
41410,OGLE-2019-BLG-1470L,OGLE-2019-BLG-1470L A,2,1,1,<a refstr=KUANG_ET_AL__2022 href=https://ui.adsabs.harvard.edu/abs/2022MNRAS.516.1704K/abstract target=ref>Kuang et al. 2022</a>,,,,0.58,,,,<a refstr=KUANG_ET_AL__2022 href=https://ui.adsabs.harvard.edu/abs/2022MNRAS.516.1704K/abstract target=ref>Kuang et al. 2022</a>,5600.0
41411,OGLE-2019-BLG-1470L,OGLE-2019-BLG-1470L A,2,1,1,<a refstr=KUANG_ET_AL__2022 href=https://ui.adsabs.harvard.edu/abs/2022MNRAS.516.1704K/abstract target=ref>Kuang et al. 2022</a>,,,,0.56,,,,<a refstr=KUANG_ET_AL__2022 href=https://ui.adsabs.harvard.edu/abs/2022MNRAS.516.1704K/abstract target=ref>Kuang et al. 2022</a>,6100.0
41412,OGLE-2019-BLG-1470L,OGLE-2019-BLG-1470L B,2,1,1,<a refstr=KUANG_ET_AL__2022 href=https://ui.adsabs.harvard.edu/abs/2022MNRAS.516.1704K/abstract target=ref>Kuang et al. 2022</a>,,,,0.18,,,,<a refstr=KUANG_ET_AL__2022 href=https://ui.adsabs.harvard.edu/abs/2022MNRAS.516.1704K/abstract target=ref>Kuang et al. 2022</a>,5900.0
41419,OGLE-2023-BLG-0836L,OGLE-2023-BLG-0836L,2,1,1,<a refstr=HAN_ET_AL__2024 href=https://ui.adsabs.harvard.edu/abs/2024A&A...685A..16H/abstract target=ref>Han et al. 2024</a>,,,,0.71,,,,<a refstr=HAN_ET_AL__2024 href=https://ui.adsabs.harvard.edu/abs/2024A&A...685A..16H/abstract target=ref>Han et al. 2024</a>,5120.0
41420,OGLE-2023-BLG-0836L,OGLE-2023-BLG-0836L B,2,1,1,<a refstr=HAN_ET_AL__2024 href=https://ui.adsabs.harvard.edu/abs/2024A&A...685A..16H/abstract target=ref>Han et al. 2024</a>,,,,0.56,,,,,
41550,PSR B1620-26,PSR B1620-26,2,1,1,<a refstr=SIGURDSSON_ET_AL__2003 href=https://ui.adsabs.harvard.edu/abs/2003Sci...301..193S/abstract target=ref> Sigurdsson et al. 2003 </a>,,,,1.35,,,,<a refstr=ARZOUMANIAN_ET_AL__1996 href=https://ui.adsabs.harvard.edu/abs/1996ASPC..105..525A/abstract target=ref> Arzoumanian et al. 1996 </a>,
41551,PSR B1620-26,PSR B1620-26 B,2,1,1,,,,,,,,,,
41628,ROXs 42,ROXs 42 B,2,1,1,<a refstr=CURRIE_ET_AL__2014 href=https://ui.adsabs.harvard.edu/abs/2014ApJ...780L..30C/abstract target=ref> Currie et al. 2014 </a>,M0,,,1.0,,,,<a refstr=STASSUN_ET_AL__2019 href=https://ui.adsabs.harvard.edu/abs/2019AJ....158..138S/abstract target=ref>TICv8</a>,143.59
41629,ROXs 42,ROXs 42 B,2,1,1,<a refstr=GAIA_COLLABORATION_ET_AL__2018 href=https://ui.adsabs.harvard.edu/abs/2018A&A...616A...1G/abstract target=ref>Gaia DR2</a>,,3850.87,0.9,,,,0.16143585568264862,<a refstr=STASSUN_ET_AL__2019 href=https://ui.adsabs.harvard.edu/abs/2019AJ....158..138S/abstract target=ref>TICv8</a>,143.59
41630,ROXs 42,ROXs 42 B B,2,1,1,,,,,,,,,,
41631,ROXs 42,ROXs 42 B,2,1,1,<a refstr=STASSUN_ET_AL__2019 href=https://ui.adsabs.harvard.edu/abs/2019AJ....158..138S/abstract target=ref>TICv8</a>,,3433.0,1.34,,,,,<a refstr=STASSUN_ET_AL__2019 href=https://ui.adsabs.harvard.edu/abs/2019AJ....158..138S/abstract target=ref>TICv8</a>,143.59
41632,RR Cae,RR Cae,2,1,1,<a refstr=QIAN_ET_AL__2012 href=https://ui.adsabs.harvard.edu/abs/2012MNRAS.422L..24Q/abstract target=ref> Qian et al. 2012 </a>,M,,,0.44,,,,<a refstr=STASSUN_ET_AL__2019 href=https://ui.adsabs.harvard.edu/abs/2019AJ....158..138S/abstract target=ref>TICv8</a>,21.1916
41633,RR Cae,RR Cae Ab,2,1,1,,,,,,,,,,
41634,RR Cae,RR Cae,2,1,1,<a refstr=STASSUN_ET_AL__2019 href=https://ui.adsabs.harvard.edu/abs/2019AJ....158..138S/abstract target=ref>TICv8</a>,,3904.0,0.19,0.16,,,0.007798301105232585,<a refstr=STASSUN_ET_AL__2019 href=https://ui.adsabs.harvard.edu/abs/2019AJ....158..138S/abstract target=ref>TICv8</a>,21.1916
41635,RR Cae,RR Cae,2,1,1,<a refstr=GAIA_COLLABORATION_ET_AL__2018 href=https://ui.adsabs.harvard.edu/abs/2018A&A...616A...1G/abstract target=ref>Gaia DR2</a>,,4134.3,,,,,,<a refstr=STASSUN_ET_AL__2019 href=https://ui.adsabs.harvard.edu/abs/2019AJ....158..138S/abstract target=ref>TICv8</a>,21.1916
41642,Ross 458,Ross 458,2,1,1,<a refstr=PIZZOLATO_ET_AL__2003 href=https://ui.adsabs.harvard.edu/abs/2003A&A...397..147P/abstract target=ref> Pizzolato et al. 2003 </a>,,,,,,,,<a refstr=STASSUN_ET_AL__2019 href=https://ui.adsabs.harvard.edu/abs/2019AJ....158..138S/abstract target=ref>TICv8</a>,11.5094
41643,Ross 458,Ross 458,2,1,1,<a refstr=BURGASSER_ET_AL__2010 href=https://ui.adsabs.harvard.edu/abs/2010ApJ...725.1405B/abstract target=ref> Burgasser et al. 2010 </a>,,,,,,,,<a refstr=STASSUN_ET_AL__2019 href=https://ui.adsabs.harvard.edu/abs/2019AJ....158..138S/abstract target=ref>TICv8</a>,11.5094
41644,Ross 458,Ross 458,2,1,1,<a refstr=STASSUN_ET_AL__2019 href=https://ui.adsabs.harvard.edu/abs/2019AJ....158..138S/abstract target=ref>TICv8</a>,,3646.0,0.56,0.56,,,0.05035006087879047,<a refstr=STASSUN_ET_AL__2019 href=https://ui.adsabs.harvard.edu/abs/2019AJ....158..138S/abstract target=ref>TICv8</a>,11.5094
41645,Ross 458,Ross 458,2,1,1,<a refstr=NIDEVER_ET_AL__2002 href=https://ui.adsabs.harvard.edu/abs/2002ApJS..141..503N/abstract target=ref> Nidever et al. 2002 </a>,,,,,,,,<a refstr=STASSUN_ET_AL__2019 href=https://ui.adsabs.harvard.edu/abs/2019AJ....158..138S/abstract target=ref>TICv8</a>,11.5094
41646,Ross 458,Ross 458,2,1,1,<a refstr=DUNCAN_ET_AL__1991 href=https://ui.adsabs.harvard.edu/abs/1991ApJS...76..383D/abstract target=ref> Duncan et al. 1991 </a>,,,,,,,,<a refstr=STASSUN_ET_AL__2019 href=https://ui.adsabs.harvard.edu/abs/2019AJ....158..138S/abstract target=ref>TICv8</a>,11.5094
41647,Ross 458,Ross 458,2,1,1,<a refstr=TURNBULL_2015 href=https://ui.adsabs.harvard.edu/abs/2015arXiv151001731T/abstract target=ref>Turnbull 2015</a>,M2,3621.0,0.63,0.49,,,0.05997910762555094,<a refstr=STASSUN_ET_AL__2019 href=https://ui.adsabs.harvard.edu/abs/2019AJ....158..138S/abstract target=ref>TICv8</a>,11.5094
41648,Ross 458,Ross 458,2,1,1,<a refstr=GAIA_COLLABORATION_ET_AL__2018 href=https://ui.adsabs.harvard.edu/abs/2018A&A...616A...1G/abstract target=ref>Gaia DR2</a>,,3965.42,,,,,,<a refstr=STASSUN_ET_AL__2019 href=https://ui.adsabs.harvard.edu/abs/2019AJ....158..138S/abstract target=ref>TICv8</a>,11.5094
41649,Ross 458,Ross 458 B,2,1,1,,,,,,,,,,
41650,Ross 458,Ross 458,2,1,1,<a refstr=HAWLEY_ET_AL__1996 href=https://ui.adsabs.harvard.edu/abs/1996AJ....112.2799H/abstract target=ref> Hawley et al. 1996 </a>,M0.5,,,,,,,<a refstr=STASSUN_ET_AL__2019 href=https://ui.adsabs.harvard.edu/abs/2019AJ....158..138S/abstract target=ref>TICv8</a>,11.5094
41655,SR 12,SR 12 AB,2,1,1,<a refstr=KUZUHARA_ET_AL__2011 href=https://ui.adsabs.harvard.edu/abs/2011AJ....141..119K/abstract target=ref> Kuzuhara et al. 2011 </a>,,,,,,,,<a refstr=STASSUN_ET_AL__2019 href=https://ui.adsabs.harvard.edu/abs/2019AJ....158..138S/abstract target=ref>TICv8</a>,
41656,SR 12,SR 12 B,2,1,1,,,,,,,,,,
41657,SR 12,SR 12 AB,2,1,1,<a refstr=GAIA_COLLABORATION_ET_AL__2018 href=https://ui.adsabs.harvard.edu/abs/2018A&A...616A...1G/abstract target=ref>Gaia DR2</a>,,3828.93,1.1,,,,0.23550492838960096,<a refstr=STASSUN_ET_AL__2019 href=https://ui.adsabs.harvard.edu/abs/2019AJ....158..138S/abstract target=ref>TICv8</a>,
41670,TIC 172900988,TIC 172900988 Aa,2,1,1,<a refstr=KOSTOV_ET_AL__2021 href=https://ui.adsabs.harvard.edu/abs/2021AJ....162..234K/abstract target=ref>Kostov et al. 2021</a>,F9,6050.0,1.38,1.24,0.34,[Fe/H],,<a refstr=STASSUN_ET_AL__2019 href=https://ui.adsabs.harvard.edu/abs/2019AJ....158..138S/abstract target=ref>TICv8</a>,250.956
41671,TIC 172900988,TIC 172900988 Ab,2,1,1,<a refstr=KOSTOV_ET_AL__2021 href=https://ui.adsabs.harvard.edu/abs/2021AJ....162..234K/abstract target=ref>Kostov et al. 2021</a>,G0,5983.0,1.31,1.2,0.34,[Fe/H],,<a refstr=STASSUN_ET_AL__2019 href=https://ui.adsabs.harvard.edu/abs/2019AJ....158..138S/abstract target=ref>TICv8</a>,250.956
41672,TIC 172900988,TIC 172900988 Ab,2,1,1,<a refstr=KOSTOV_ET_AL__2021 href=https://ui.adsabs.harvard.edu/abs/2021AJ....162..234K/abstract target=ref>Kostov et al. 2021</a>,G0,5983.0,1.31,1.2,0.34,[Fe/H],,<a refstr=STASSUN_ET_AL__2019 href=https://ui.adsabs.harvard.edu/abs/2019AJ....158..138S/abstract target=ref>TICv8</a>,250.956
41673,TIC 172900988,TIC 172900988 Aa,2,1,1,<a refstr=STASSUN_ET_AL__2019 href=https://ui.adsabs.harvard.edu/abs/2019AJ....158..138S/abstract target=ref>TICv8</a>,,5963.0,2.03,1.09,,,4.688133821452653,<a refstr=STASSUN_ET_AL__2019 href=https://ui.adsabs.harvard.edu/abs/2019AJ....158..138S/abstract target=ref>TICv8</a>,250.956
41674,TIC 172900988,TIC 172900988 Aa,2,1,1,<a refstr=KOSTOV_ET_AL__2021 href=https://ui.adsabs.harvard.edu/abs/2021AJ....162..234K/abstract target=ref>Kostov et al. 2021</a>,F9,6050.0,1.38,1.24,0.34,[Fe/H],,<a refstr=STASSUN_ET_AL__2019 href=https://ui.adsabs.harvard.edu/abs/2019AJ....158..138S/abstract target=ref>TICv8</a>,250.956
41675,TIC 172900988,TIC 172900988 Ab,2,1,1,<a refstr=KOSTOV_ET_AL__2021 href=https://ui.adsabs.harvard.edu/abs/2021AJ....162..234K/abstract target=ref>Kostov et al. 2021</a>,G0,5983.0,1.32,1.2,0.34,[Fe/H],,<a refstr=STASSUN_ET_AL__2019 href=https://ui.adsabs.harvard.edu/abs/2019AJ....158..138S/abstract target=ref>TICv8</a>,250.956
41676,TIC 172900988,TIC 172900988 Aa,2,1,1,<a refstr=KOSTOV_ET_AL__2021 href=https://ui.adsabs.harvard.edu/abs/2021AJ....162..234K/abstract target=ref>Kostov et al. 2021</a>,F9,6050.0,1.38,1.24,0.34,[Fe/H],,<a refstr=STASSUN_ET_AL__2019 href=https://ui.adsabs.harvard.edu/abs/2019AJ....158..138S/abstract target=ref>TICv8</a>,250.956
41677,TIC 172900988,TIC 172900988 Ab,2,1,1,<a refstr=KOSTOV_ET_AL__2021 href=https://ui.adsabs.harvard.edu/abs/2021AJ....162..234K/abstract target=ref>Kostov et al. 2021</a>,G0,5983.0,1.31,1.2,0.34,[Fe/H],,<a refstr=STASSUN_ET_AL__2019 href=https://ui.adsabs.harvard.edu/abs/2019AJ....158..138S/abstract target=ref>TICv8</a>,250.956
41678,TIC 172900988,TIC 172900988 Aa,2,1,1,<a refstr=KOSTOV_ET_AL__2021 href=https://ui.adsabs.harvard.edu/abs/2021AJ....162..234K/abstract target=ref>Kostov et al. 2021</a>,F9,6050.0,1.38,1.24,0.34,[Fe/H],,<a refstr=STASSUN_ET_AL__2019 href=https://ui.adsabs.harvard.edu/abs/2019AJ....158..138S/abstract target=ref>TICv8</a>,250.956
41679,TIC 172900988,TIC 172900988 Ab,2,1,1,<a refstr=STASSUN_ET_AL__2019 href=https://ui.adsabs.harvard.edu/abs/2019AJ....158..138S/abstract target=ref>TICv8</a>,,5963.0,2.03,1.09,,,4.688133821452653,<a refstr=STASSUN_ET_AL__2019 href=https://ui.adsabs.harvard.edu/abs/2019AJ....158..138S/abstract target=ref>TICv8</a>,250.956
41680,TIC 172900988,TIC 172900988 Ab,2,1,1,<a refstr=KOSTOV_ET_AL__2021 href=https://ui.adsabs.harvard.edu/abs/2021AJ....162..234K/abstract target=ref>Kostov et al. 2021</a>,G0,5983.0,1.31,1.2,0.34,[Fe/H],,<a refstr=STASSUN_ET_AL__2019 href=https://ui.adsabs.harvard.edu/abs/2019AJ....158..138S/abstract target=ref>TICv8</a>,250.956
41681,TIC 172900988,TIC 172900988 Aa,2,1,1,<a refstr=KOSTOV_ET_AL__2021 href=https://ui.adsabs.harvard.edu/abs/2021AJ....162..234K/abstract target=ref>Kostov et al. 2021</a>,F9,6050.0,1.38,1.24,0.34,[Fe/H],,<a refstr=STASSUN_ET_AL__2019 href=https://ui.adsabs.harvard.edu/abs/2019AJ....158..138S/abstract target=ref>TICv8</a>,250.956
41682,TIC 172900988,TIC 172900988 Aa,2,1,1,<a refstr=KOSTOV_ET_AL__2021 href=https://ui.adsabs.harvard.edu/abs/2021AJ....162..234K/abstract target=ref>Kostov et al. 2021</a>,F9,6050.0,1.38,1.24,0.34,[Fe/H],,<a refstr=STASSUN_ET_AL__2019 href=https://ui.adsabs.harvard.edu/abs/2019AJ....158..138S/abstract target=ref>TICv8</a>,250.956
41683,TIC 172900988,TIC 172900988 Ab,2,1,1,<a refstr=KOSTOV_ET_AL__2021 href=https://ui.adsabs.harvard.edu/abs/2021AJ....162..234K/abstract target=ref>Kostov et al. 2021</a>,G0,5983.0,1.31,1.2,0.34,[Fe/H],,<a refstr=STASSUN_ET_AL__2019 href=https://ui.adsabs.harvard.edu/abs/2019AJ....158..138S/abstract target=ref>TICv8</a>,250.956
41887,TOI-1338,TOI-1338 B,2,2,1,<a refstr=WANG__AMP__LIU_2024 href=https://ui.adsabs.harvard.edu/abs/2024AJ....168...31W/abstract target=ref>Wang &amp; Liu 2024</a>,,,0.31,0.31,,,,,
41888,TOI-1338,TOI-1338 A,2,2,1,<a refstr=STASSUN_ET_AL__2019 href=https://ui.adsabs.harvard.edu/abs/2019AJ....158..138S/abstract target=ref>TICv8</a>,,5723.2,1.52,1.02,-0.4,[M/H],2.2284351492703034,<a refstr=STASSUN_ET_AL__2019 href=https://ui.adsabs.harvard.edu/abs/2019AJ....158..138S/abstract target=ref>TICv8</a>,399.017
41889,TOI-1338,TOI-1338 A,2,2,1,<a refstr=GAIA_COLLABORATION_ET_AL__2018 href=https://ui.adsabs.harvard.edu/abs/2018A&A...616A...1G/abstract target=ref>Gaia DR2</a>,,5977.0,1.36,,,,2.1330449131465765,<a refstr=STASSUN_ET_AL__2019 href=https://ui.adsabs.harvard.edu/abs/2019AJ....158..138S/abstract target=ref>TICv8</a>,399.017
41890,TOI-1338,TOI-1338 B,2,2,1,<a refstr=EXOFOP_TESS_TOI href=https://exofop.ipac.caltech.edu/tess/view_toi.php target=ref>ExoFOP-TESS TOI</a>,,5723.2,3.09,,,,,,
41891,TOI-1338,TOI-1338 A,2,2,1,<a refstr=EXOFOP_TESS_TOI href=https://exofop.ipac.caltech.edu/tess/view_toi.php target=ref>ExoFOP-TESS TOI</a>,,5723.2,1.52,,,,,<a refstr=STASSUN_ET_AL__2019 href=https://ui.adsabs.harvard.edu/abs/2019AJ....158..138S/abstract target=ref>TICv8</a>,399.017
41892,TOI-1338,TOI-1338 A,2,2,1,<a refstr=KOSTOV_ET_AL__2020 href=https://ui.adsabs.harvard.edu/abs/2020AJ....159..253K/abstract target=ref>Kostov et al. 2020</a>,,6050.0,1.33,1.13,0.01,[Fe/H],,<a refstr=STASSUN_ET_AL__2019 href=https://ui.adsabs.harvard.edu/abs/2019AJ....158..138S/abstract target=ref>TICv8</a>,399.017
41893,TOI-1338,TOI-1338 B,2,2,1,<a refstr=KOSTOV_ET_AL__2020 href=https://ui.adsabs.harvard.edu/abs/2020AJ....159..253K/abstract target=ref>Kostov et al. 2020</a>,M,,0.31,0.31,,,,,
41894,TOI-1338,TOI-1338 A,2,2,1,<a refstr=STANDING_ET_AL__2023 href=https://ui.adsabs.harvard.edu/abs/2023arXiv230110794S/abstract target=ref>Standing et al. 2023</a>,F8,6050.0,1.34,1.13,,,,<a refstr=STASSUN_ET_AL__2019 href=https://ui.adsabs.harvard.edu/abs/2019AJ....158..138S/abstract target=ref>TICv8</a>,399.017
41895,TOI-1338,TOI-1338 A,2,2,1,<a refstr=WANG__AMP__LIU_2024 href=https://ui.adsabs.harvard.edu/abs/2024AJ....168...31W/abstract target=ref>Wang &amp; Liu 2024</a>,,,1.31,1.09,,,,<a refstr=STASSUN_ET_AL__2019 href=https://ui.adsabs.harvard.edu/abs/2019AJ....158..138S/abstract target=ref>TICv8</a>,399.017
41896,TOI-1338,TOI-1338 B,2,2,1,<a refstr=STANDING_ET_AL__2023 href=https://ui.adsabs.harvard.edu/abs/2023arXiv230110794S/abstract target=ref>Standing et al. 2023</a>,,,,0.31,,,,,
43210,UZ For,UZ For,2,2,1,<a refstr=GAIA_COLLABORATION_ET_AL__2018 href=https://ui.adsabs.harvard.edu/abs/2018A&A...616A...1G/abstract target=ref>Gaia DR2</a>,,5286.9,,,,,,<a refstr=STASSUN_ET_AL__2019 href=https://ui.adsabs.harvard.edu/abs/2019AJ....158..138S/abstract target=ref>TICv8</a>,
43211,UZ For,UZ For Ab,2,2,1,,,,,,,,,,
43212,UZ For,UZ For,2,2,1,<a refstr=POTTER_ET_AL__2011 href=https://ui.adsabs.harvard.edu/abs/2011MNRAS.416.2202P/abstract target=ref> Potter et al. 2011 </a>,,,,0.7,,,,<a refstr=STASSUN_ET_AL__2019 href=https://ui.adsabs.harvard.edu/abs/2019AJ....158..138S/abstract target=ref>TICv8</a>,
43233,VHS J125601.92-125723.9,VHS J125601.92-125723.9,2,1,1,<a refstr=DUPUY_ET_AL__2023 href=https://ui.adsabs.harvard.edu/abs/2023MNRAS.519.1688D/abstract target=ref>Dupuy et al. 2023</a>,,,,,,,,<a refstr=STASSUN_ET_AL__2019 href=https://ui.adsabs.harvard.edu/abs/2019AJ....158..138S/abstract target=ref>TICv8</a>,
43234,VHS J125601.92-125723.9,VHS J125601.92-125723.9,2,1,1,<a refstr=DUPUY_ET_AL__2023 href=https://ui.adsabs.harvard.edu/abs/2023MNRAS.519.1688D/abstract target=ref>Dupuy et al. 2023</a>,,,,,,,,<a refstr=STASSUN_ET_AL__2019 href=https://ui.adsabs.harvard.edu/abs/2019AJ....158..138S/abstract target=ref>TICv8</a>,
43235,VHS J125601.92-125723.9,VHS J125601.92-125723.9,2,1,1,<a refstr=STONE_ET_AL__2016 href=https://ui.adsabs.harvard.edu/abs/2016ApJ...818L..12S/abstract target=ref>Stone et al. 2016</a>,,,,0.06,,,,<a refstr=STASSUN_ET_AL__2019 href=https://ui.adsabs.harvard.edu/abs/2019AJ....158..138S/abstract target=ref>TICv8</a>,
43236,VHS J125601.92-125723.9,VHS J125601.92-125723.9,2,1,1,<a refstr=RICH_ET_AL__2016 href=https://ui.adsabs.harvard.edu/abs/2016ApJ...830..114R/abstract target=ref>Rich et al. 2016</a>,,,,0.06,,,,<a refstr=STASSUN_ET_AL__2019 href=https://ui.adsabs.harvard.edu/abs/2019AJ....158..138S/abstract target=ref>TICv8</a>,
43237,VHS J125601.92-125723.9,VHS J125601.92-125723.9 B,2,1,1,,,,,,,,,,
43238,VHS J125601.92-125723.9,VHS J125601.92-125723.9,2,1,1,<a refstr=RICH_ET_AL__2016 href=https://ui.adsabs.harvard.edu/abs/2016ApJ...830..114R/abstract target=ref>Rich et al. 2016</a>,,,,0.06,,,,<a refstr=STASSUN_ET_AL__2019 href=https://ui.adsabs.harvard.edu/abs/2019AJ....158..138S/abstract target=ref>TICv8</a>,
43239,VHS J125601.92-125723.9,VHS J125601.92-125723.9,2,1,1,<a refstr=GAUZA_ET_AL__2015 href=https://ui.adsabs.harvard.edu/abs/2015ApJ...804...96G/abstract target=ref>Gauza et al. 2015</a>,M7.5,2620.0,,0.07,,,0.0007244359600749898,<a refstr=STASSUN_ET_AL__2019 href=https://ui.adsabs.harvard.edu/abs/2019AJ....158..138S/abstract target=ref>TICv8</a>,
44575,b Cen,b Cen A,2,1,1,<a refstr=JANSON_ET_AL__2021 href=https://ui.adsabs.harvard.edu/abs/2021Natur.600..231J/abstract target=ref>Janson et al. 2021</a>,B2.5 V,,,5.5,,,,<a refstr=STASSUN_ET_AL__2019 href=https://ui.adsabs.harvard.edu/abs/2019AJ....158..138S/abstract target=ref>TICv8</a>,98.0935
44576,b Cen,b Cen B,2,1,1,,,,,,,,,,
